frame,x,y,bbox_x,bbox_y,bbox_w,bbox_h,area,aspect_ratio,extent,eccentricity,laplacian_variance,gaussian_fit_residual_sum,fitted_sigma_aspect_ratio,Ag_gaussian_amplitude,sigma_x_pixels,sigma_y_pixels,fwhm_x_pixels,fwhm_y_pixels,fwhm_avg_pixels,gaussian_offset,r_squared_gaussian,rmse_gaussian,Ibcnt,Ib_photons_emitted,Idetect_photons_camera,Iphelect_photoelectrons,siamese_embedding,particle
1,71.90058479532163,32.84795321637427,65,25,14,16,171,0.875,0.7633928571428571,0.6396497446388681,1688.3892822265625,27103.56806240647,1.9295876524671527,203.506716571781,1.7568970443086929,3.39008684335409,4.1374925393469715,7.983654516098881,6.0605735277229265,39.07322220375272,0.9429866901002356,12.589694119626927,855280.0,5701866.666666667,85528.0,60724.88,"[ 2.0169454  -4.3868074   1.5150188  -4.095904   -0.5162379   0.11380601
  0.11172518  2.4062197   2.543425    0.5549106   0.5218699   1.4777637
  4.732733   -1.3693181  -0.7997923   0.68463796 -0.4518975  -2.9930048
 -1.0476751  -6.7768025  -1.8665981   5.8421063   1.0348624   0.6000512
  4.415193   -1.0117431  -0.85375416  0.6357862  -0.9415733  -5.5177336
 -4.0112834   3.0256844  -2.6449592   1.7574394  -1.021991    6.0076585
 -2.6397007  -0.72744584  2.9383104   0.6779869  -0.4789377  -1.0088179
 -1.8858135   0.31790477 -0.12545633 -1.6748971   0.7470515   0.25913954
  3.941644   -2.2852998  -0.5905489   1.6499412   4.1386733  -0.07188769
  0.6687654  -1.576303   -0.07433674  1.5025301  -2.7100208   2.6535027
  1.2323809   0.50702626 -1.5910422   0.83611465 -3.2329643   0.7824049
 -1.8527671   1.1906772  -5.001436   -2.7864704  -1.0477358   1.4314307
 -8.387752   -0.58646744  0.87976414  5.405912   -3.3823118  -1.4523084
 -0.40059614 -2.1972592   2.9150329  -1.2325178  -1.9306453  -0.317346
 -0.55599743  0.6572932   4.296526    2.8647192   1.2294819   0.67144334
  5.189103    3.126068    2.560315   -4.2387667  -0.2429359  -0.02049006
 -0.197142   -0.4051076   2.3673508   0.8401959  -0.9636773  -0.4455217
 -2.028947    1.1226772   0.44614267  1.5079235  -0.6054501   1.2450913
  1.4181278  -4.350816    3.0268736  -1.3292218   0.21211444 -0.15076014
  0.76677465  3.1979964  -1.250516   -0.8934018  -3.71839     2.6998715
  6.0202656  -0.5026027   1.6208547   2.6651626  -2.2730682  -0.32830483
  3.51582    -0.40776604]",0
2,71.57070707070707,32.035353535353536,64,24,15,17,198,0.8823529411764706,0.7764705882352941,0.6322791151893554,1584.133056640625,47731.00508518895,2.1435705708811907,212.59193930028243,1.6385505398336784,3.5123487160889613,3.8587865213083123,8.271581226389504,6.065183873848908,37.94419268554146,0.9169232525916213,15.526290034919128,1207456.0,8049706.666666666,120745.59999999999,85729.37599999999,"[ 2.012804   -4.392726    1.5192547  -4.0928383  -0.5174214   0.11525494
  0.11190221  2.4050698   2.5433354   0.5665521   0.52263546  1.477252
  4.7398963  -1.3692137  -0.7973877   0.6864715  -0.45157665 -2.9905744
 -1.0471375  -6.776439   -1.8659974   5.8424935   1.0353214   0.59607446
  4.4168887  -1.0095476  -0.85374403  0.6397847  -0.9463126  -5.5060053
 -4.0074286   3.0243149  -2.6395128   1.755094   -1.0115049   6.006983
 -2.6369836  -0.7285564   2.9381082   0.67678934 -0.4778018  -1.0102863
 -1.8839135   0.3180169  -0.12369645 -1.6738912   0.74452245  0.2621026
  3.9408948  -2.2855828  -0.5895332   1.6504064   4.1309094  -0.07157695
  0.6658828  -1.5763239  -0.07267925  1.500501   -2.711444    2.6526673
  1.23026     0.5016973  -1.5955368   0.8504189  -3.2325833   0.7855469
 -1.8538297   1.1886041  -4.9988637  -2.7914705  -1.0485998   1.4307213
 -8.386087   -0.58785987  0.88028854  5.40605    -3.3832192  -1.4521626
 -0.40050554 -2.19729     2.9125628  -1.2328426  -1.927859   -0.31721738
 -0.55654716  0.6571958   4.285419    2.8640358   1.2292782   0.6709118
  5.190762    3.1262422   2.5593896  -4.240186   -0.24308068 -0.02427519
 -0.19612682 -0.40228382  2.362386    0.8404906  -0.9656435  -0.44310236
 -2.0272198   1.1240841   0.4416182   1.5079545  -0.6052752   1.246191
  1.4180403  -4.3487196   3.0275345  -1.3283478   0.21564005 -0.15009412
  0.76751196  3.1984894  -1.2504684  -0.8940818  -3.7173274   2.693129
  6.0199857  -0.50596476  1.6165348   2.6652126  -2.2746513  -0.32822067
  3.5167677  -0.40839124]",0
3,72.70718232044199,32.574585635359114,66,25,14,16,181,0.875,0.8080357142857143,0.5761675579600822,2025.092529296875,36858.069036569366,2.15129282307085,211.00121810206582,1.6135484130328661,3.471215120634964,3.7999065126923997,8.17471160909534,5.987309060893869,43.23968465828519,0.9299482967137899,14.27009952780752,1073264.0,7155093.333333333,107326.4,76201.74399999999,"[ 2.0122561  -4.3855467   1.5181805  -4.0924363  -0.51713914  0.11809477
  0.11177316  2.4058168   2.5438805   0.5640802   0.521724    1.476885
  4.7355175  -1.3692933  -0.79860353  0.68101245 -0.45356005 -2.9910905
 -1.0470884  -6.7763066  -1.8666736   5.84252     1.0393366   0.59696484
  4.4170837  -1.0109568  -0.8540466   0.6413096  -0.9477388  -5.505467
 -4.008183    3.0244265  -2.6461315   1.7554414  -1.0176985   6.007457
 -2.6364295  -0.7301638   2.9361734   0.67710257 -0.47758976 -1.0099397
 -1.884317    0.3177982  -0.12484933 -1.6747667   0.7440262   0.25945807
  3.94128    -2.2856584  -0.58974767  1.6505325   4.1258554  -0.07162345
  0.6650646  -1.5765506  -0.07199416  1.4940736  -2.7113125   2.6529963
  1.2303754   0.50516576 -1.5926663   0.84399605 -3.2329419   0.7811198
 -1.8569177   1.1879754  -4.999976   -2.7831073  -1.0489069   1.4331038
 -8.387464   -0.5878263   0.88038963  5.406124   -3.382749   -1.4524792
 -0.40010047 -2.1962788   2.9153433  -1.236771   -1.9289991  -0.3179535
 -0.5569795   0.6573348   4.290075    2.8644347   1.2291358   0.6682519
  5.189812    3.126419    2.5597758  -4.241941   -0.24266553 -0.02321161
 -0.19673085 -0.4024484   2.366107    0.84038615 -0.96510017 -0.4454044
 -2.02702     1.1278166   0.44338942  1.5082691  -0.6051115   1.245758
  1.4234942  -4.350117    3.0277843  -1.3287278   0.21876274 -0.15002969
  0.76753306  3.1984458  -1.2503501  -0.8938579  -3.718779    2.6977804
  6.0207934  -0.5029222   1.6182908   2.6652927  -2.2745526  -0.3279925
  3.5161803  -0.40868598]",0
4,72.1304347826087,31.27173913043478,66,23,14,17,184,0.8235294117647058,0.773109243697479,0.6225286223557267,2250.3203125,43030.71932932052,1.6989641790638277,208.61539974231576,2.1082555056226395,3.5818505843669626,4.9649417157413165,8.435258126184197,6.7000999209627565,44.94286597121291,0.9247489676090151,15.292566986959875,812912.0,5419413.333333333,81291.2,57716.75199999999,"[ 2.0135543  -4.3889446   1.5163468  -4.101301   -0.5201232   0.1143662
  0.11073849  2.4069083   2.5418353   0.55800325  0.5201597   1.479955
  4.738476   -1.369312   -0.80386436  0.6913628  -0.4507599  -2.9915917
 -1.0477308  -6.7766237  -1.8667434   5.842728    1.0340531   0.60061884
  4.414571   -1.0098336  -0.8539542   0.63305175 -0.93662924 -5.517099
 -4.0084033   3.0260558  -2.642003    1.7579937  -1.0133986   6.0057607
 -2.6412244  -0.72516656  2.941647    0.67716855 -0.47791207 -1.0041597
 -1.8856099   0.31885225 -0.12696207 -1.6675292   0.74608827  0.25959635
  3.9416296  -2.2866073  -0.58821416  1.6495228   4.138027   -0.07168762
  0.6619582  -1.5756718  -0.06899616  1.5127931  -2.7082064   2.6526048
  1.2293819   0.5118294  -1.5943449   0.83663404 -3.2321825   0.7841567
 -1.8510059   1.1922257  -5.0059924  -2.785123   -1.047139    1.4318843
 -8.390298   -0.58653164  0.87997204  5.4069066  -3.3839839  -1.449977
 -0.40093583 -2.1973312   2.9115894  -1.2325355  -1.9306844  -0.3161228
 -0.5551991   0.6580329   4.2927823   2.863556    1.2296946   0.6727737
  5.188022    3.125433    2.5592647  -4.238622   -0.24314204 -0.01936091
 -0.19348645 -0.40048602  2.3534603   0.83862364 -0.96418965 -0.43752694
 -2.029223    1.1239182   0.44313312  1.5071056  -0.605592    1.2454402
  1.4085112  -4.3495464   3.0261955  -1.3286222   0.2096064  -0.15047237
  0.76660377  3.1975672  -1.2511386  -0.89511365 -3.71732     2.6979313
  6.022477   -0.5016968   1.6181725   2.664361   -2.276375   -0.3285148
  3.515834   -0.4075299 ]",0
5,72.17714285714285,31.771428571428572,66,24,13,16,175,0.8125,0.8413461538461539,0.6714500390369286,1900.2919921875,39185.710765364405,2.0867092617726417,209.1387854091707,1.6045441501083644,3.348217138954236,3.778701473505198,7.885051362237226,5.831876417871212,37.84821328841517,0.9216924112358564,14.963901470895006,889200.0,5928000.0,88920.0,63133.2,"[ 2.010545   -4.3882885   1.5174873  -4.0967984  -0.51362437  0.11474892
  0.11064807  2.406747    2.5441241   0.5612444   0.5218229   1.4789588
  4.738704   -1.3691928  -0.79880273  0.6874847  -0.45388216 -2.991976
 -1.0466737  -6.7774262  -1.8674039   5.8434753   1.0383534   0.59836096
  4.415874   -1.0088202  -0.85324156  0.63956344 -0.9441268  -5.507583
 -4.009871    3.024349   -2.6406388   1.7574726  -1.0191152   6.006822
 -2.6406548  -0.7313638   2.941628    0.6760181  -0.477403   -1.0097132
 -1.8855697   0.31798    -0.12601793 -1.668657    0.74472165  0.25841284
  3.941386   -2.2859747  -0.5864701   1.6504359   4.1262608  -0.07130495
  0.6660476  -1.5776666  -0.07218036  1.4964943  -2.7093098   2.6542602
  1.2309982   0.512195   -1.5950952   0.8406644  -3.2329023   0.78406787
 -1.8566886   1.1915337  -5.0052123  -2.7827535  -1.0484822   1.4330132
 -8.3921995  -0.58695227  0.8792909   5.406922   -3.383808   -1.4512447
 -0.40037018 -2.19532     2.9147682  -1.2337934  -1.9319832  -0.31833795
 -0.55706924  0.65721416  4.293916    2.8643446   1.2285751   0.6683514
  5.1876664   3.1272793   2.5602438  -4.243591   -0.24263424 -0.01928819
 -0.19075084 -0.3973333   2.361812    0.83917844 -0.9639851  -0.44162095
 -2.0286267   1.1285254   0.44363475  1.5085351  -0.60509497  1.2456465
  1.418179   -4.3505263   3.0259411  -1.3312874   0.21765862 -0.1511881
  0.76809907  3.198621   -1.2504182  -0.89551204 -3.7180295   2.7012594
  6.023713   -0.50175166  1.6199309   2.6659443  -2.275686   -0.32833487
  3.5152316  -0.40822464]",0
6,72.65060240963855,33.08433734939759,66,25,14,17,166,0.8235294117647058,0.6974789915966386,0.6649475968121791,1895.4951171875,36272.7555287503,1.8598993169956464,213.89581652845226,1.747462392312342,3.250104109937303,4.1152739338955655,7.653995178902349,5.884634556398957,42.27880775419757,0.9292908681388112,14.782103215523811,909648.0,6064320.0,90964.8,64585.007999999994,"[ 2.0119102  -4.3877087   1.5154947  -4.0917635  -0.51400846  0.11588177
  0.11040613  2.4065704   2.5429168   0.5619537   0.5209105   1.4782368
  4.733249   -1.3691695  -0.7962396   0.68845266 -0.45273852 -2.9910989
 -1.0477575  -6.7770114  -1.8663659   5.8426332   1.0379072   0.59780556
  4.415647   -1.0107105  -0.85322464  0.6391455  -0.9461135  -5.5052376
 -4.008963    3.0251198  -2.6376405   1.7579153  -1.0195178   6.005577
 -2.6379936  -0.73487854  2.9388785   0.6756673  -0.47682545 -1.013894
 -1.8849876   0.3184104  -0.1255151  -1.6705716   0.7464076   0.25692654
  3.94117    -2.2869527  -0.58907783  1.6503228   4.129      -0.07127751
  0.6689367  -1.5765829  -0.07165071  1.4950743  -2.7106445   2.6533675
  1.2314204   0.5069772  -1.5930946   0.84652734 -3.2326987   0.78418994
 -1.857524    1.1872797  -4.996306   -2.787693   -1.0483518   1.4298234
 -8.38453    -0.587918    0.87998587  5.406695   -3.3826268  -1.450878
 -0.40044624 -2.1959965   2.9153843  -1.2313335  -1.9314163  -0.31738666
 -0.55670196  0.6576317   4.2931743   2.8635454   1.2284279   0.6707008
  5.188535    3.125602    2.5596988  -4.2416315  -0.24287856 -0.02455056
 -0.19469571 -0.40196195  2.3667588   0.8392688  -0.96441495 -0.44476545
 -2.0276785   1.125579    0.44286156  1.5080343  -0.60529166  1.2455958
  1.4176368  -4.3516426   3.0259986  -1.328472    0.21958469 -0.15074715
  0.7679913   3.1974862  -1.2503532  -0.8937139  -3.7163482   2.6989083
  6.0187144  -0.5027982   1.6180366   2.6654804  -2.2749596  -0.3283009
  3.5159614  -0.40848702]",0
7,71.59574468085107,31.397163120567377,66,24,12,15,141,0.8,0.7833333333333333,0.6546377881386432,2238.63330078125,23959.631455046525,1.7356879011656767,223.3612409111121,1.8414247421442396,3.1961386458468826,4.336555267749684,7.526906510969408,5.931730889359546,35.15049373688048,0.9510513462063188,13.035584536958368,754192.0,5027946.666666667,75419.2,53547.632,"[ 2.0121956  -4.383991    1.5134815  -4.0942636  -0.5111441   0.11648971
  0.11061296  2.4072492   2.5431273   0.55316085  0.5202956   1.4787208
  4.73016    -1.369053   -0.79846513  0.689088   -0.45355713 -2.9928803
 -1.0475755  -6.7772417  -1.8658485   5.842522    1.03833     0.60056794
  4.4174414  -1.0110558  -0.8532853   0.63952196 -0.94703597 -5.5113797
 -4.011859    3.026537   -2.6377752   1.7580209  -1.0211124   6.0065203
 -2.6395586  -0.7362554   2.9398246   0.67633593 -0.4780744  -1.0135089
 -1.8855727   0.31805128 -0.12502694 -1.669595    0.7472309   0.2538061
  3.9422364  -2.2865233  -0.58961     1.6500573   4.130498   -0.07130878
  0.670836   -1.5767056  -0.07138047  1.4978011  -2.7089045   2.6545043
  1.2340502   0.50911295 -1.591194    0.83582616 -3.232937    0.78411317
 -1.8561038   1.1867409  -5.0019226  -2.785581   -1.0474488   1.4331161
 -8.387965   -0.5865918   0.8799563   5.407151   -3.383661   -1.4509809
 -0.40045527 -2.1968288   2.9164836  -1.2323169  -1.932749   -0.3174248
 -0.5563564   0.65762705  4.293876    2.8638952   1.228639    0.6729958
  5.186936    3.1257858   2.560628   -4.2387486  -0.24280375 -0.0221609
 -0.19133031 -0.40038893  2.3658113   0.83958817 -0.96356833 -0.44543958
 -2.0295372   1.1253241   0.4448527   1.5078208  -0.60615104  1.2449592
  1.4156591  -4.354782    3.0268064  -1.3284415   0.21449785 -0.15166172
  0.7674867   3.1966965  -1.2500846  -0.8922526  -3.7189229   2.6985154
  6.017359   -0.49964318  1.6190275   2.665436   -2.2745183  -0.32861626
  3.5150912  -0.40769774]",0
8,71.9306358381503,33.67052023121387,65,26,14,16,173,0.875,0.7723214285714286,0.5901904993867856,1512.034912109375,24998.74907469914,1.986958166584576,208.27519162702185,1.6668051246132956,3.311872054455409,3.925326068464311,7.799458688242488,5.8623923783534,33.87143216971854,0.9484432947653635,12.020875165234239,1184496.0,7896640.0,118449.59999999999,84099.21599999999,"[ 2.0103986  -4.3901896   1.5198468  -4.0947757  -0.51810235  0.12033135
  0.11165789  2.407242    2.5448463   0.55384415  0.52083945  1.4765588
  4.7346964  -1.3689433  -0.8000308   0.67721075 -0.45373058 -2.99262
 -1.0460569  -6.7807956  -1.869455    5.8418365   1.053536    0.5975568
  4.4182825  -1.0144416  -0.85484695  0.6426269  -0.95363396 -5.5054464
 -4.0066366   3.026312   -2.6453931   1.7558063  -1.0156076   6.008376
 -2.6358173  -0.7293818   2.9371397   0.678922   -0.47699544 -1.0110486
 -1.8857296   0.31699455 -0.123868   -1.6791644   0.7439853   0.26021528
  3.942026   -2.286188   -0.59067285  1.6503515   4.1399336  -0.07177765
  0.67344975 -1.5772309  -0.07060441  1.4977014  -2.711664    2.653398
  1.2312603   0.504463   -1.5939398   0.84006953 -3.2327769   0.77432704
 -1.8599452   1.1862664  -5.0010276  -2.7778063  -1.0481887   1.4313004
 -8.389077   -0.58774334  0.88201755  5.4093313  -3.3837557  -1.4531674
 -0.39982802 -2.1975443   2.9189386  -1.2397509  -1.9319075  -0.31792513
 -0.5571862   0.6569689   4.2847524   2.864058    1.2292824   0.66676736
  5.195246    3.1259599   2.5607033  -4.2405715  -0.24285156 -0.02448881
 -0.19692826 -0.40446708  2.3680482   0.84104276 -0.9647504  -0.44940007
 -2.0255573   1.1243023   0.4457538   1.5072488  -0.6059968   1.246141
  1.4289453  -4.3526993   3.0269318  -1.3260579   0.21355055 -0.15139571
  0.7669002   3.19928    -1.2493602  -0.89366025 -3.7219555   2.6948528
  6.025468   -0.49923423  1.6224047   2.6660745  -2.274093   -0.3290012
  3.517947   -0.40812558]",0
9,73.45270270270271,34.391891891891895,68,27,13,16,148,0.8125,0.7115384615384616,0.7073745689981539,1809.22021484375,23713.42815513783,1.7168715110644115,205.37518372677945,1.7650052778149556,3.0302872783588244,4.156587429254221,7.136326540535031,5.646456984894626,37.97102590721546,0.9436867698643101,12.658035626158329,823168.0,5487786.666666666,82316.79999999999,58444.92799999999,"[ 2.0105824  -4.3898516   1.5152749  -4.0932403  -0.5143742   0.11442366
  0.11056772  2.4063344   2.543036    0.5549993   0.5209348   1.4789883
  4.731412   -1.3693178  -0.80014896  0.6857193  -0.4514517  -2.992176
 -1.0468677  -6.776941   -1.8661147   5.8428197   1.0400463   0.59847844
  4.4171066  -1.0111804  -0.85293174  0.64096606 -0.9462828  -5.5111756
 -4.010408    3.0255442  -2.6355581   1.7579858  -1.0199894   6.0061
 -2.6388664  -0.7312598   2.9405918   0.67652416 -0.4777887  -1.0106179
 -1.8857279   0.31849056 -0.12508762 -1.6714152   0.7455702   0.26162434
  3.9416454  -2.2862203  -0.58950055  1.6503881   4.1331434  -0.07156419
  0.6718681  -1.5767981  -0.07255837  1.4997296  -2.7102878   2.653808
  1.2327617   0.5084207  -1.5924894   0.8423712  -3.2327704   0.7814498
 -1.855069    1.1884838  -4.9988256  -2.786889   -1.047894    1.4291052
 -8.388921   -0.58697647  0.87977725  5.406512   -3.3828714  -1.4507684
 -0.40111327 -2.1966794   2.9143     -1.2318169  -1.9315491  -0.3172138
 -0.5563024   0.6572596   4.293738    2.863806    1.2284939   0.672616
  5.1892056   3.1257708   2.5598736  -4.24377    -0.24336389 -0.02356709
 -0.19435132 -0.39835635  2.3643162   0.8391944  -0.96451485 -0.44438303
 -2.028543    1.1211969   0.44227958  1.5079615  -0.60508054  1.2454612
  1.4191455  -4.3515296   3.025732   -1.3288552   0.21305554 -0.15127936
  0.76756644  3.1974103  -1.2506711  -0.8939211  -3.7171128   2.698713
  6.023003   -0.50194633  1.617865    2.6656272  -2.2747014  -0.3285882
  3.5160122  -0.40795714]",0
10,72.16774193548387,32.116129032258065,66,25,13,15,155,0.8666666666666667,0.7948717948717948,0.6724072043909678,2026.5836181640625,28511.67509374735,2.065198506991241,200.28311777572972,1.6210920783704776,3.3478769399460386,3.817671844562475,7.884250193572921,5.850961019067698,32.805140723974,0.9326863403006316,13.562680079077374,800752.0,5338346.666666667,80075.2,56853.39199999999,"[ 2.010188   -4.3913126   1.5154004  -4.0965543  -0.5141024   0.11638409
  0.11118487  2.4063058   2.5442798   0.55701274  0.51910853  1.4780831
  4.7365613  -1.3688755  -0.80044377  0.6875965  -0.45248753 -2.9928083
 -1.046266   -6.7774577  -1.8679934   5.842523    1.0379673   0.599825
  4.4166512  -1.0115227  -0.85305774  0.64101017 -0.94493216 -5.5085764
 -4.009282    3.024784   -2.6360126   1.7570784  -1.0197078   6.007182
 -2.638994   -0.7289798   2.9400487   0.67753786 -0.47748962 -1.0068942
 -1.8856859   0.31809098 -0.1252613  -1.665943    0.7450721   0.25780773
  3.9405887  -2.285578   -0.5874593   1.6503826   4.128124   -0.07130633
  0.6721109  -1.5773543  -0.07091066  1.5007983  -2.7073367   2.6548157
  1.231409    0.51239455 -1.5938407   0.8380376  -3.232639    0.786932
 -1.8544561   1.1899049  -5.006249   -2.7869248  -1.048173    1.4304304
 -8.394703   -0.5866224   0.8790938   5.4071393  -3.3826587  -1.4519336
 -0.40056187 -2.195759    2.9139495  -1.2308086  -1.9310538  -0.3181379
 -0.55701405  0.65671283  4.2955947   2.8643808   1.2288125   0.67040944
  5.190129    3.1261292   2.5609438  -4.238815   -0.24292848 -0.02024544
 -0.19072878 -0.3952786   2.358704    0.84014297 -0.9633719  -0.44228196
 -2.0275826   1.1223086   0.4445672   1.5082594  -0.6054364   1.2452623
  1.4161971  -4.3504944   3.0256522  -1.329243    0.21299379 -0.15164813
  0.7680857   3.1989958  -1.2499526  -0.89353245 -3.717677    2.7001064
  6.020756   -0.49903443  1.6208867   2.6659346  -2.2737238  -0.32851684
  3.5158095  -0.40770686]",0
11,73.20779220779221,34.05844155844156,67,27,13,15,154,0.8666666666666667,0.7897435897435897,0.6508124246089677,1707.166015625,19479.454352415727,1.7390874469494797,210.21794406650568,1.8288256484625451,3.1804877279004544,4.306884402129294,7.49004859920557,5.898466500667432,32.95302565565569,0.9575942218816504,11.24677568582991,932896.0,6219306.666666666,93289.59999999999,66235.616,"[ 2.0096643  -4.3888373   1.5160512  -4.0937963  -0.5137288   0.11767125
  0.11143556  2.406308    2.5439858   0.56265515  0.5176089   1.4763676
  4.7325425  -1.3689753  -0.79582584  0.6867648  -0.45286024 -2.9916883
 -1.045864   -6.777749   -1.8670096   5.842375    1.037623    0.5982065
  4.4162436  -1.0102347  -0.8533884   0.64249194 -0.94859713 -5.497321
 -4.0090756   3.0242972  -2.6327753   1.7572798  -1.01929     6.0066457
 -2.6364782  -0.7345307   2.9359708   0.67589647 -0.47714072 -1.0142522
 -1.8846844   0.31745    -0.12547147 -1.6663278   0.7460029   0.25216675
  3.940727   -2.2868397  -0.58647156  1.6506226   4.12689    -0.07089739
  0.6690191  -1.5774649  -0.06902358  1.4937711  -2.7079024   2.6539726
  1.2311857   0.5105262  -1.5913604   0.843122   -3.232877    0.7912812
 -1.8602158   1.1866326  -4.997213   -2.791101   -1.0481805   1.4280348
 -8.386374   -0.5881281   0.8797619   5.407205   -3.3821535  -1.4523227
 -0.39987448 -2.193425    2.9174464  -1.2328278  -1.9312203  -0.31841937
 -0.55789214  0.6572676   4.2944665   2.864061    1.2282856   0.66945136
  5.189426    3.1263485   2.5607157  -4.2417192  -0.24198276 -0.02421487
 -0.19370425 -0.39861348  2.363698    0.8406818  -0.96290123 -0.44373524
 -2.0268536   1.1248187   0.44382906  1.508553   -0.6053405   1.2459475
  1.414559   -4.353901    3.0265567  -1.3291597   0.21837388 -0.15123841
  0.76800585  3.1983995  -1.2496024  -0.89431804 -3.7176971   2.698133
  6.0203996  -0.49827662  1.619274    2.6660063  -2.2731802  -0.32809716
  3.5150855  -0.40887183]",0
12,71.47727272727273,34.083333333333336,66,28,12,14,132,0.8571428571428571,0.7857142857142857,0.5989174983138414,1862.001953125,20631.954771556317,1.6656552094975965,212.63358250225627,1.8746371728848945,3.122499172933571,4.414770542143927,7.35348555225856,5.884128047201243,26.17993867634139,0.9508389165858977,12.502107328898813,768192.0,5121280.0,76819.2,54541.632,"[ 2.0134706  -4.390415    1.5130029  -4.0957694  -0.5119538   0.11499065
  0.11029503  2.4071538   2.543027    0.55198115  0.52006483  1.4795784
  4.7305074  -1.3693643  -0.8009143   0.6881703  -0.45142812 -2.9931278
 -1.0481498  -6.7772465  -1.8655901   5.8426824   1.0365869   0.6001031
  4.416133   -1.0106299  -0.85275614  0.63847435 -0.94400257 -5.516322
 -4.0134087   3.0263214  -2.637239    1.7587199  -1.0223825   6.006028
 -2.6408217  -0.73148775  2.941451    0.67548937 -0.4783645  -1.0093602
 -1.8861325   0.31844777 -0.12477911 -1.6688026   0.7478298   0.25993967
  3.9421012  -2.286417   -0.5890287   1.6500704   4.1332555  -0.07161396
  0.6726798  -1.5768896  -0.07389411  1.5017178  -2.709458    2.654313
  1.234552    0.5090244  -1.5904596   0.8378124  -3.232609    0.78467846
 -1.8513697   1.1878053  -5.0026593  -2.7897668  -1.0472704   1.429843
 -8.392687   -0.58628994  0.87934285  5.4069896  -3.383959   -1.450394
 -0.40095186 -2.1967947   2.9159453  -1.2296423  -1.9327197  -0.31732932
 -0.55602264  0.6575617   4.297638    2.8637257   1.2286026   0.67461705
  5.1871386   3.1263442   2.5605676  -4.241746   -0.24294448 -0.02229369
 -0.19567025 -0.39808097  2.36334     0.83906376 -0.9633373  -0.44568455
 -2.0307598   1.1188489   0.44348717  1.5077634  -0.6057165   1.2451091
  1.4148715  -4.353568    3.0265365  -1.3290999   0.21162985 -0.15168056
  0.76749265  3.1967304  -1.2503909  -0.8934123  -3.7175663   2.7012255
  6.0191255  -0.5020702   1.6190001   2.6655958  -2.2747314  -0.32858288
  3.5154483  -0.40755624]",0
13,71.83333333333333,32.61363636363637,66,26,13,15,132,0.8666666666666667,0.676923076923077,0.7089197634001023,1923.19189453125,14060.965499830378,1.9853598440330853,211.44915749977918,1.67990969799599,3.3352252560029862,3.9561873387805564,7.854455477887033,5.905321408333794,28.927439152461957,0.9654961405282179,10.320972139668138,933616.0,6224106.666666666,93361.59999999999,66286.73599999999,"[ 2.0137634  -4.387932    1.5190264  -4.0931196  -0.5146834   0.11791709
  0.11114958  2.4073436   2.5439277   0.5520336   0.52041626  1.4775461
  4.731667   -1.3689253  -0.7963308   0.6787296  -0.45403692 -2.9929457
 -1.0463346  -6.7779694  -1.866949    5.841912    1.0479288   0.59987164
  4.4164686  -1.0127244  -0.8545346   0.6445316  -0.952038   -5.507677
 -4.0108037   3.0264707  -2.6437035   1.7568868  -1.0215646   6.0073514
 -2.6374574  -0.734432    2.9376578   0.6777827  -0.47782242 -1.0142816
 -1.8858676   0.31705385 -0.1252234  -1.6768986   0.7466861   0.2590928
  3.9422863  -2.2864969  -0.5899768   1.6504576   4.1364813  -0.07136586
  0.6757741  -1.5774617  -0.07267353  1.4905865  -2.7106736   2.653939
  1.2328907   0.50459814 -1.5890466   0.83738923 -3.2330632   0.7805135
 -1.8601712   1.1876478  -4.99891    -2.7793126  -1.0479809   1.4310584
 -8.390969   -0.5872595   0.88107306  5.4069977  -3.3832424  -1.452233
 -0.39997786 -2.1958597   2.919702   -1.2382098  -1.9334518  -0.31808963
 -0.55693835  0.65739024  4.289385    2.8640492   1.2288325   0.668571
  5.189234    3.125439    2.5606792  -4.241646   -0.24251887 -0.02263296
 -0.19708157 -0.40489498  2.372171    0.84027016 -0.96364105 -0.44903398
 -2.0281677   1.126697    0.4465853   1.5077671  -0.60593826  1.2457201
  1.425144   -4.354982    3.0266109  -1.3285544   0.21575998 -0.1517097
  0.7671568   3.1972783  -1.2497623  -0.8925542  -3.7214847   2.697903
  6.020586   -0.49925813  1.6220096   2.6659362  -2.2739441  -0.32900023
  3.5153878  -0.40820915]",0
14,72.41007194244604,34.7410071942446,66,28,13,15,139,0.8666666666666667,0.7128205128205128,0.7002379111894622,2134.759521484375,19739.11045582107,1.8788012002388956,228.33613181815394,1.7338891061382853,3.257632933693756,4.083308844955662,7.671725558848796,5.877517201902229,30.87009259646682,0.9602501474702,11.91671048951006,938264.0,6255093.333333333,93826.4,66616.74399999999,"[ 2.0098066  -4.3902397   1.5174214  -4.0936646  -0.51204985  0.11598861
  0.11051068  2.406771    2.5439105   0.5543923   0.5232384   1.4794117
  4.739045   -1.3689628  -0.80130327  0.68608516 -0.45419273 -2.9932399
 -1.047368   -6.776768   -1.8670683   5.843005    1.047939    0.5988227
  4.4154577  -1.0098616  -0.8534292   0.64147913 -0.94803923 -5.5135446
 -4.011494    3.0248542  -2.6400492   1.758332   -1.0221572   6.0067563
 -2.6417005  -0.73252964  2.9417696   0.6763846  -0.4779587  -1.0107791
 -1.8865168   0.31752157 -0.1256417  -1.6720803   0.74492264  0.26221323
  3.941666   -2.285528   -0.5880135   1.6504822   4.1330557  -0.07129238
  0.6801274  -1.5779959  -0.0745047   1.4946508  -2.710018    2.6553173
  1.2332921   0.5098964  -1.5953754   0.8395891  -3.2329626   0.78182995
 -1.8554803   1.1912076  -5.004245   -2.7790766  -1.0482916   1.4337322
 -8.399417   -0.58626944  0.8789206   5.405934   -3.3833005  -1.4510404
 -0.4007454  -2.1959543   2.9162316  -1.2320731  -1.9335629  -0.31835166
 -0.55696815  0.65665334  4.2939367   2.8645062   1.2285306   0.6685978
  5.1865325   3.1266947   2.5608058  -4.24625    -0.24308953 -0.01870478
 -0.19262207 -0.39733937  2.365916    0.83906543 -0.96342385 -0.44495833
 -2.029565    1.126727    0.44486237  1.5083947  -0.6048497   1.245409
  1.4250317  -4.3513308   3.025558   -1.3318355   0.21944533 -0.15226445
  0.7678331   3.1975253  -1.2501296  -0.8939654  -3.717832    2.7023473
  6.0222936  -0.5031079   1.6217424   2.6663182  -2.2751505  -0.32893884
  3.51498    -0.4077193 ]",0
15,72.31060606060606,33.28030303030303,66,27,13,14,132,0.9285714285714286,0.7252747252747253,0.5541006551137584,2396.130126953125,19547.226573736112,1.445172214674685,224.79032879231565,2.073378501428426,2.9963890007681977,4.882806370863943,7.056496096809106,5.969651233836524,23.545975144832525,0.957894044718914,12.169020083845336,676736.0,4511573.333333333,67673.59999999999,48048.255999999994,"[ 2.0148191  -4.3868036   1.5146593  -4.09807    -0.5124747   0.11066675
  0.11209205  2.405648    2.5445192   0.5582432   0.51986504  1.4774798
  4.7343     -1.3691535  -0.8005873   0.689846   -0.45143843 -2.993856
 -1.0462856  -6.7767677  -1.8673075   5.8426795   1.0306141   0.59977293
  4.4127674  -1.0094134  -0.8525642   0.6333903  -0.9368474  -5.5184402
 -4.0122      3.0238078  -2.6385734   1.7578528  -1.0259453   6.008111
 -2.6419845  -0.7283504   2.939062    0.67737025 -0.4792492  -1.0065837
 -1.8860557   0.31755978 -0.1255542  -1.6667434   0.7459922   0.25583172
  3.9406545  -2.2845197  -0.58693504  1.6500225   4.132864   -0.07160511
  0.66845214 -1.577188   -0.07475945  1.5069482  -2.707255    2.6549258
  1.2327069   0.5135051  -1.5921102   0.83423567 -3.233182    0.7884232
 -1.8511578   1.193352   -5.0041184  -2.7944973  -1.0478913   1.428863
 -8.390123   -0.58590573  0.8776552   5.4050746  -3.3813019  -1.453006
 -0.4007318  -2.1947339   2.9128885  -1.2288859  -1.9304739  -0.31851175
 -0.5567731   0.6562619   4.3050313   2.8657174   1.2289786   0.669852
  5.1882005   3.127569    2.5611818  -4.2392755  -0.24238345 -0.01761449
 -0.19282544 -0.39854148  2.362132    0.840621   -0.96203697 -0.4427904
 -2.0288165   1.1213528   0.44676256  1.5090234  -0.60494155  1.2447087
  1.4129995  -4.3492146   3.025875   -1.3322552   0.21372579 -0.15114215
  0.7678073   3.1991389  -1.2501322  -0.89423364 -3.7160716   2.7027802
  6.022061   -0.5014287   1.6232532   2.6658337  -2.270564   -0.32777447
  3.514754   -0.4078278 ]",0
16,72.66666666666667,32.9290780141844,67,26,12,15,141,0.8,0.7833333333333333,0.6436696569014088,1759.46337890625,17687.732852569938,1.738997756074687,217.83969602906456,1.7428871451850574,3.030876834568232,4.10449922691081,7.137714945408186,5.621107086159498,26.804601445272297,0.9605161782338592,11.20021936606662,887328.0,5915519.999999999,88732.79999999999,63000.28799999999,"[ 2.0118759  -4.3890076   1.5145159  -4.095881   -0.51092356  0.11812872
  0.110549    2.4074628   2.5447707   0.5506756   0.52201796  1.4780349
  4.7320538  -1.3688308  -0.7998185   0.6820503  -0.45535648 -2.993901
 -1.0462086  -6.7799916  -1.8701893   5.8422766   1.0482984   0.59860027
  4.415929   -1.0136858  -0.8534932   0.6401304  -0.9500393  -5.5121136
 -4.0094986   3.02532    -2.645179    1.7576828  -1.0223888   6.0075107
 -2.6400516  -0.73085165  2.941294    0.6773879  -0.4769169  -1.0086907
 -1.8866274   0.3177629  -0.12424613 -1.676006    0.7454711   0.2576251
  3.9413965  -2.2850626  -0.58969593  1.6500881   4.1339927  -0.07174339
  0.6770214  -1.5772592  -0.07348427  1.497122   -2.70946     2.654833
  1.2329223   0.5054873  -1.5940125   0.8324642  -3.2328594   0.7770606
 -1.8555936   1.1883979  -5.00569    -2.779632   -1.0477504   1.432034
 -8.389777   -0.58679634  0.87988216  5.4084888  -3.3828845  -1.4521917
 -0.40051568 -2.1979272   2.9178858  -1.2328905  -1.933125   -0.31790772
 -0.5566239   0.6565187   4.294395    2.8642676   1.2289314   0.6674528
  5.1920047   3.1265938   2.5610862  -4.237594   -0.2431365  -0.02060855
 -0.19388616 -0.40166488  2.3682957   0.8398042  -0.96372855 -0.45130408
 -2.027248    1.1232098   0.44770527  1.5077128  -0.60572475  1.2452991
  1.4262643  -4.350689    3.024866   -1.3279712   0.2134776  -0.15205827
  0.76753634  3.1988654  -1.2496835  -0.8935897  -3.7198553   2.6993113
  6.020692   -0.49923006  1.6250118   2.6662185  -2.2731378  -0.328996
  3.5176094  -0.40758997]",0
17,74.53383458646617,34.72932330827068,69,28,12,15,133,0.8,0.7388888888888889,0.7315809366651859,1903.7686767578125,21594.555298480343,1.6850188433145987,219.0887312679174,1.7964754051432543,3.0270949092176114,4.230699579112364,7.128808511207475,5.679754045159919,28.577298340608984,0.9509207104227871,12.742255586519327,868704.0,5791360.0,86870.4,61677.984,"[ 2.0117235  -4.387382    1.517615   -4.096654   -0.5154323   0.11341155
  0.11127356  2.4065      2.5433316   0.5516924   0.5225086   1.4773792
  4.732552   -1.3685708  -0.8008387   0.679578   -0.45271346 -2.9933233
 -1.0457863  -6.7770486  -1.8690131   5.8414783   1.0458697   0.59998596
  4.414838   -1.0134962  -0.8544432   0.6435956  -0.9506716  -5.5069475
 -4.0098414   3.025314   -2.6353443   1.7590575  -1.0221566   6.007167
 -2.638857   -0.73059416  2.9379854   0.67858464 -0.47776738 -1.0135783
 -1.8862231   0.31732148 -0.12652075 -1.6768088   0.7463975   0.26313543
  3.9411209  -2.284837   -0.5891861   1.6502309   4.134776   -0.07129765
  0.6754714  -1.5768228  -0.07310793  1.495414   -2.7079358   2.6543756
  1.2331291   0.5128777  -1.5922877   0.8320075  -3.2327845   0.78126025
 -1.8588206   1.1908418  -4.9980884  -2.779737   -1.0475368   1.4307773
 -8.39199    -0.58674985  0.87984365  5.4065876  -3.3811576  -1.4522382
 -0.4006699  -2.1965554   2.921932   -1.2374016  -1.9327145  -0.31782547
 -0.556953    0.6568704   4.290672    2.8642664   1.2292001   0.6697533
  5.1899195   3.1252394   2.5609648  -4.2410383  -0.24309728 -0.01936591
 -0.19617283 -0.39960787  2.3682945   0.8407111  -0.9625319  -0.44746935
 -2.027958    1.1225547   0.44688916  1.5076852  -0.60481554  1.2456591
  1.4204051  -4.351845    3.0245945  -1.3293518   0.20991193 -0.15225187
  0.76685905  3.19751    -1.2501897  -0.89569277 -3.719307    2.6995025
  6.027458   -0.4974986   1.6227192   2.66558    -2.2730405  -0.3291781
  3.515858   -0.40773445]",0
18,74.61702127659575,33.191489361702125,69,26,12,15,141,0.8,0.7833333333333333,0.6534279906837299,1790.0269775390625,20543.3607471019,1.6828235129971885,202.5727294866654,1.871725684644554,3.149783992000616,4.407913987337925,7.417741301161451,5.912827644249688,35.72912344945454,0.9488980339590687,12.070525835732148,742480.0,4949866.666666667,74248.0,52716.079999999994,"[ 2.0163848  -4.388932    1.5156387  -4.0970883  -0.51470846  0.11456454
  0.11028305  2.4079554   2.5413866   0.5504696   0.51805854  1.4805613
  4.7332873  -1.3697069  -0.7992779   0.6878055  -0.45167115 -2.9914448
 -1.047007   -6.778243   -1.8653438   5.842745    1.0357484   0.6002965
  4.4156847  -1.0102521  -0.85377836  0.6355139  -0.9388148  -5.5170765
 -4.010513    3.0273576  -2.6422875   1.7572358  -1.0205438   6.005135
 -2.640505   -0.7298515   2.9431858   0.6763397  -0.47800177 -1.010546
 -1.8854675   0.3185292  -0.12542152 -1.6717271   0.74685466  0.26470566
  3.9438689  -2.287718   -0.59023905  1.6495972   4.1389437  -0.07178355
  0.6703372  -1.5759648  -0.07207415  1.5046533  -2.7094023   2.6525567
  1.2312653   0.5074827  -1.5909534   0.8378165  -3.2326615   0.7844564
 -1.8546215   1.1882926  -5.0007753  -2.7839985  -1.047117    1.4299111
 -8.387244   -0.58705825  0.88106614  5.407691   -3.384692   -1.4498636
 -0.40087616 -2.1967144   2.9137955  -1.2333772  -1.9331845  -0.3160422
 -0.5550446   0.65860444  4.2943416   2.86339     1.2290406   0.67256093
  5.187796    3.1255217   2.5589163  -4.237591   -0.24268842 -0.02263535
 -0.1934768  -0.40546677  2.366175    0.8380078  -0.96516573 -0.44287014
 -2.029001    1.1256136   0.44426286  1.5073738  -0.60601276  1.2453291
  1.4147495  -4.353818    3.0260148  -1.3279084   0.2112069  -0.1507422
  0.76658666  3.1965325  -1.2512554  -0.89197224 -3.71889     2.6978161
  6.0223804  -0.5014541   1.6189941   2.6645336  -2.2760508  -0.32857484
  3.5152051  -0.40804476]",0
19,74.86627906976744,33.633720930232556,68,26,14,16,172,0.875,0.7678571428571429,0.6740880063575709,2333.337158203125,39243.768749248324,2.0753204002772274,225.5095663403522,1.6351711560296078,3.3935040580531424,3.8508280724497266,7.99170205671515,5.921265064582438,42.09123616523423,0.93207585152333,15.105013942944906,912848.0,6085653.333333333,91284.79999999999,64812.20799999999,"[ 2.0130095  -4.3896756   1.5182669  -4.0959153  -0.5162956   0.11625099
  0.11167869  2.4057066   2.5435936   0.55977505  0.5234444   1.4768265
  4.7335587  -1.3691624  -0.79737484  0.68118197 -0.45365435 -2.9912667
 -1.0464171  -6.7772202  -1.8678885   5.842004    1.0392553   0.5965049
  4.4158     -1.0110611  -0.8541578   0.6409277  -0.9498314  -5.5051327
 -4.0082207   3.0244238  -2.644322    1.7560872  -1.0130132   6.007319
 -2.6375532  -0.7299843   2.9374874   0.6768671  -0.47765386 -1.0107355
 -1.8842653   0.31787318 -0.12433267 -1.6783965   0.74558294  0.259439
  3.9410539  -2.284914   -0.5895611   1.6502112   4.1321154  -0.07176366
  0.66447616 -1.5760511  -0.0724034   1.4972726  -2.7104247   2.6526856
  1.2310866   0.5015434  -1.593181    0.83951914 -3.2326715   0.7811464
 -1.8553134   1.188407   -4.999698   -2.7857103  -1.048154    1.4315882
 -8.383016   -0.58779866  0.88051397  5.4066463  -3.3827941  -1.4523822
 -0.40027988 -2.197706    2.917063   -1.2369385  -1.929165   -0.317282
 -0.5564941   0.65733296  4.2852545   2.8640587   1.229593    0.669536
  5.190901    3.1262596   2.559778   -4.2394195  -0.24303707 -0.02293433
 -0.19837594 -0.4039363   2.365408    0.8406122  -0.96485746 -0.44742608
 -2.0276582   1.1238004   0.44386733  1.5076038  -0.6055973   1.2459836
  1.4193511  -4.3494997   3.0271797  -1.3279637   0.211673   -0.1504108
  0.7670282   3.1981232  -1.2502356  -0.8959364  -3.7195888   2.6936429
  6.0212545  -0.5020031   1.6190406   2.6650512  -2.2737885  -0.32844585
  3.5172327  -0.40833014]",0
20,74.84756097560975,34.96951219512195,68,28,14,15,164,0.9333333333333333,0.780952380952381,0.6857294394747419,3063.6494140625,37943.476043776376,1.838202840815187,223.04693290583177,1.8234586496687253,3.3518868699300755,4.294245119969848,7.893693578685328,6.093969349327589,36.52049166499389,0.9329851381212813,15.21061007335059,613296.0,4088640.0,61329.6,43544.015999999996,"[ 2.0134897  -4.385896    1.5175592  -4.0969477  -0.5167579   0.11642048
  0.11108235  2.406862    2.5414817   0.5561182   0.5194299   1.4780941
  4.734325   -1.3694937  -0.7985681   0.6848438  -0.4527781  -2.9913301
 -1.0469928  -6.7756414  -1.8655164   5.841237    1.0347122   0.59991425
  4.4160523  -1.0099678  -0.85444796  0.63613856 -0.9432587  -5.507439
 -4.009521    3.0260525  -2.6450999   1.7567098  -1.0171123   6.005381
 -2.6383832  -0.72774863  2.9379764   0.67677444 -0.47805426 -1.0101215
 -1.8845242   0.3180399  -0.12592363 -1.6718647   0.74571764  0.25608063
  3.9423637  -2.2861078  -0.58902717  1.6497158   4.1360126  -0.07183815
  0.65833545 -1.5759853  -0.07017156  1.5026419  -2.7084463   2.6522622
  1.2315986   0.510771   -1.5902115   0.834803   -3.2322958   0.7833297
 -1.8565811   1.1880977  -5.001043   -2.7848577  -1.0469229   1.4340513
 -8.383325   -0.58761257  0.88081735  5.4063363  -3.3832164  -1.4507512
 -0.40005845 -2.1958516   2.91553    -1.239118   -1.9316541  -0.31616786
 -0.5555128   0.65821177  4.2890596   2.8631654   1.2295501   0.67076015
  5.186219    3.1251483   2.5593312  -4.2395906  -0.24219796 -0.02121318
 -0.19338512 -0.4040204   2.362432    0.83946514 -0.9636675  -0.4425794
 -2.0288472   1.1267229   0.4444908   1.5068612  -0.606382    1.2456851
  1.4147056  -4.3538055   3.026989   -1.3276726   0.21193074 -0.15053222
  0.76631707  3.1958978  -1.2503303  -0.8939132  -3.7196498   2.6963837
  6.0215497  -0.49872813  1.6183385   2.6643236  -2.2750366  -0.3285035
  3.5143821  -0.4082772 ]",0
21,74.18934911242603,34.01775147928994,68,26,13,17,169,0.7647058823529411,0.7647058823529411,0.7275166717889078,2300.640625,34392.402564665936,2.023806233739219,215.50345930853342,1.6243517884050327,3.2873732751595544,3.825348461693852,7.74176406300075,5.783556262347301,48.91071411535888,0.9331483161361951,14.265529805069459,738016.0,4920106.666666667,73801.6,52399.136,"[ 2.01417    -4.387586    1.5197448  -4.0948815  -0.5185079   0.11719692
  0.11096063  2.4069793   2.5404558   0.56586915  0.5176835   1.4783317
  4.739094   -1.3693993  -0.79675305  0.68942565 -0.45201164 -2.989481
 -1.0476888  -6.7760253  -1.8639514   5.842351    1.0318964   0.597929
  4.415877   -1.0079962  -0.8548448   0.63378346 -0.9398877  -5.505817
 -4.0077353   3.026246   -2.6442852   1.7557583  -1.0133667   6.0048823
 -2.6368558  -0.7284081   2.9368331   0.67539376 -0.47736946 -1.0133907
 -1.8830906   0.31818676 -0.12599897 -1.6684605   0.7448908   0.2570629
  3.943157   -2.2882438  -0.5889385   1.6497953   4.133382   -0.07134413
  0.65670073 -1.5755218  -0.06680033  1.5043803  -2.709921    2.651353
  1.2297404   0.5081512  -1.5918854   0.84526336 -3.2324402   0.7894323
 -1.856799    1.1851876  -5.000098   -2.7903016  -1.0471685   1.4310913
 -8.382731   -0.5888319   0.8814972   5.407114   -3.3841069  -1.4500066
 -0.39979294 -2.1951182   2.913988   -1.2389405  -1.9303972  -0.31576636
 -0.5555677   0.6590701   4.289226    2.862758    1.229625    0.67130053
  5.1861      3.125219    2.558521   -4.238824   -0.2418918  -0.02486957
 -0.19402099 -0.40734324  2.3616266   0.83924437 -0.96495664 -0.43917894
 -2.0280797   1.1292375   0.4422524   1.506801   -0.60651004  1.2464986
  1.4095774  -4.35451     3.0284786  -1.3268608   0.21660148 -0.14978376
  0.7663777   3.1956246  -1.2505503  -0.89279526 -3.7182078   2.6941342
  6.0208235  -0.5011754   1.6150876   2.6638987  -2.2766068  -0.32838738
  3.5143173  -0.40894675]",0
22,75.67464114832536,36.23444976076555,68,28,16,17,209,0.9411764705882353,0.7683823529411765,0.5631961239380863,1616.4368896484375,53773.56863464893,2.033452922182435,213.2457453177563,1.6443396774657189,3.3436873222031886,3.872419940431768,7.8743836437885095,5.873401792110139,40.15760428579288,0.9079325770410729,16.040255673762186,1239664.0,8264426.666666666,123966.39999999998,88016.14399999999,"[ 2.0118468  -4.3927984   1.5179542  -4.0957675  -0.5179109   0.11832127
  0.11086509  2.4067287   2.543837    0.56294745  0.52157164  1.4781997
  4.7382016  -1.3690324  -0.7981142   0.68361825 -0.45289218 -2.990975
 -1.0467796  -6.779144   -1.8682508   5.842892    1.0401994   0.59806556
  4.418207   -1.012084   -0.85393775  0.6416615  -0.9495105  -5.5024137
 -4.00689     3.0255642  -2.6409063   1.7564275  -1.0117322   6.006913
 -2.637139   -0.7276952   2.9400995   0.67734075 -0.4765798  -1.0089788
 -1.8851781   0.31837142 -0.12468661 -1.6748037   0.7456883   0.2606969
  3.9412572  -2.2866213  -0.5892916   1.6503141   4.1317225  -0.07131328
  0.66596794 -1.5764623  -0.07055351  1.498837   -2.710636    2.6529412
  1.2294425   0.50324476 -1.5948678   0.845315   -3.2325237   0.7829865
 -1.8575352   1.1887181  -5.0009117  -2.7853136  -1.0484306   1.4312223
 -8.38621    -0.587787    0.8812987   5.408564   -3.3841338  -1.4515959
 -0.40028426 -2.1978703   2.9150825  -1.2340964  -1.9306643  -0.31729594
 -0.5566854   0.6576287   4.285869    2.863649    1.228992    0.66950357
  5.192771    3.1259546   2.5596757  -4.2397966  -0.2432886  -0.02383364
 -0.19572997 -0.4016439   2.3622813   0.83977807 -0.9656168  -0.44488
 -2.0265613   1.1251873   0.44313955  1.507693   -0.60557777  1.2459121
  1.4202092  -4.350525    3.0261412  -1.3270863   0.21414839 -0.15056327
  0.7677204   3.1993182  -1.2504     -0.8946988  -3.7193007   2.6944711
  6.021802   -0.5018052   1.618894    2.6654212  -2.2760694  -0.32856917
  3.5177324  -0.40811306]",0
23,75.53370786516854,35.97191011235955,69,28,14,17,178,0.8235294117647058,0.7478991596638656,0.6584126408039178,1920.289306640625,36963.16287665962,1.7589612462657935,209.93122376632084,2.0656589764053193,3.6334140874980236,4.864626889434527,8.556690176057845,6.710658532746186,34.97697956281512,0.933730547996809,14.410351085528767,816368.0,5442453.333333334,81636.8,57962.128,"[ 2.0127637  -4.386171    1.515972   -4.0992837  -0.5181975   0.11690208
  0.11061332  2.4064724   2.542417    0.55852014  0.5220666   1.4781126
  4.734569   -1.3692666  -0.7995447   0.6843901  -0.45338792 -2.9909754
 -1.0465255  -6.7773595  -1.8693547   5.8424573   1.0339416   0.5979188
  4.413451   -1.0114043  -0.85389733  0.6357883  -0.94270104 -5.506875
 -4.006916    3.0240622  -2.643914    1.7584734  -1.0160317   6.005735
 -2.6393082  -0.73019624  2.939242    0.6762824  -0.4765788  -1.0093936
 -1.8849869   0.31881088 -0.12734032 -1.6733445   0.7462195   0.2592554
  3.9407089  -2.2857578  -0.5884118   1.6497084   4.1309047  -0.07169584
  0.662964   -1.5756873  -0.07049808  1.499466   -2.7081382   2.6523745
  1.2285122   0.50898856 -1.5946333   0.8380704  -3.2326338   0.78488994
 -1.8550106   1.1911614  -5.0023146  -2.7837708  -1.0476123   1.4308236
 -8.38507    -0.5878853   0.87974066  5.407045   -3.381718   -1.4511551
 -0.4007303  -2.196519    2.9166884  -1.2336001  -1.9301474  -0.31672278
 -0.5559649   0.65775055  4.292903    2.863818    1.2293439   0.6686307
  5.1899915   3.1259928   2.55915    -4.2388263  -0.24293166 -0.02035535
 -0.19702435 -0.4026396   2.3628092   0.83918    -0.96427166 -0.44301343
 -2.027108    1.12668     0.44483137  1.5077903  -0.6048741   1.2457585
  1.4149665  -4.347829    3.0248456  -1.3288354   0.21313106 -0.15036812
  0.76688015  3.1984146  -1.2510825  -0.89755934 -3.7171767   2.6996408
  6.023289   -0.50001836  1.6201593   2.6648018  -2.2747545  -0.3283363
  3.517182   -0.40839583]",0
24,74.42929292929293,34.42929292929293,66,26,16,18,198,0.8888888888888888,0.6875,0.6570086709939278,1975.1109619140625,57270.67889698639,2.3548028811594457,209.50908190816148,1.5075139688103103,3.5498982371426293,3.550195396548281,8.360010348470892,5.9551028725095865,42.13495611636351,0.8961514510560284,17.00722943383439,1119408.0,7462720.000000001,111940.8,79477.968,"[ 2.0103295  -4.3922167   1.5202585  -4.095582   -0.51584023  0.11598918
  0.1120694   2.4051485   2.5439572   0.55908805  0.5248182   1.4772698
  4.7429986  -1.3688316  -0.80509317  0.6835043  -0.45274937 -2.9923687
 -1.0476781  -6.776028   -1.8676698   5.8410764   1.0412859   0.5963092
  4.41691    -1.0103546  -0.85410416  0.63877213 -0.9485263  -5.5153613
 -4.0090485   3.0242019  -2.643174    1.7555641  -1.0107106   6.007315
 -2.6393764  -0.7208867   2.9394507   0.67752266 -0.4784709  -1.0041271
 -1.8849021   0.3176582  -0.12312532 -1.6769798   0.74344265  0.26794004
  3.9404633  -2.2830377  -0.5897405   1.6499296   4.1341133  -0.07207078
  0.66951275 -1.5766224  -0.07456002  1.5060322  -2.7103863   2.6537426
  1.2327204   0.50372803 -1.59763     0.8402771  -3.231971    0.780933
 -1.8493272   1.1899152  -5.0071545  -2.7847242  -1.047914    1.4348419
 -8.392571   -0.5864274   0.87957793  5.405752   -3.3834667  -1.4522387
 -0.40080974 -2.1988971   2.9130716  -1.2347518  -1.9283744  -0.3172039
 -0.556094    0.6563079   4.2844524   2.8639708   1.229944    0.6699163
  5.1907287   3.1266463   2.5604658  -4.240599   -0.2436972  -0.02019299
 -0.19640875 -0.39729694  2.358039    0.84074473 -0.96432555 -0.4460554
 -2.0287957   1.1220609   0.443475    1.507041   -0.60536844  1.2458527
  1.4218056  -4.347194    3.027257   -1.3284953   0.21072571 -0.15129218
  0.76676434  3.1981628  -1.2496887  -0.8951735  -3.7184463   2.6940079
  6.023601   -0.50514495  1.6194333   2.6653674  -2.2739553  -0.32885456
  3.5171537  -0.40723538]",0
25,76.50295857988165,37.89940828402367,70,30,14,17,169,0.8235294117647058,0.7100840336134454,0.6755829128948924,1888.71484375,33142.93474065373,1.9032014646817967,225.69293343159185,1.7569378093613919,3.3438066121314285,4.137588541046078,7.874664571569514,6.006126556307796,36.24933671293969,0.9426357781701338,14.004000852810778,1029408.0,6862720.0,102940.8,73087.968,"[ 2.0067866  -4.386409    1.5206046  -4.097206   -0.5185606   0.12171811
  0.11157909  2.4069767   2.5445008   0.5562312   0.52037024  1.4764552
  4.7337694  -1.3690536  -0.8004061   0.6771487  -0.4549483  -2.9916234
 -1.0451776  -6.77968    -1.8698833   5.8418384   1.0481033   0.5967345
  4.417676   -1.0125871  -0.85479474  0.6437963  -0.95442647 -5.4998074
 -4.0065403   3.0248218  -2.6430724   1.7564131  -1.0121325   6.007541
 -2.6358654  -0.733742    2.936598    0.67770046 -0.47667587 -1.0114012
 -1.8849185   0.31722903 -0.12556505 -1.6770455   0.7440127   0.25955963
  3.9416115  -2.2857718  -0.5882101   1.650639    4.131296   -0.07170866
  0.66732836 -1.577154   -0.06825849  1.4945812  -2.709314    2.6531813
  1.2296668   0.506587   -1.5939595   0.8393147  -3.232663    0.77977467
 -1.8613182   1.1873052  -5.001365   -2.7793937  -1.048597    1.4314963
 -8.3881445  -0.58821666  0.881427    5.408788   -3.3832853  -1.4527038
 -0.39971513 -2.195571    2.919302   -1.2413106  -1.9313705  -0.31811586
 -0.5575839   0.6571919   4.284967    2.8640478   1.2292656   0.665921
  5.193581    3.1263802   2.5604234  -4.243844   -0.24249738 -0.02340735
 -0.19671297 -0.39982513  2.364184    0.8405185  -0.9643191  -0.4460864
 -2.0259821   1.1284801   0.44414973  1.5077041  -0.6056064   1.2462766
  1.424283   -4.3519936   3.0268574  -1.3276182   0.21473508 -0.15101519
  0.76714134  3.199138   -1.2497187  -0.8969328  -3.7216213   2.6952865
  6.0282717  -0.49674264  1.6203197   2.665754   -2.274493   -0.32868773
  3.5169876  -0.40864336]",0
26,74.84,37.45142857142857,68,30,14,16,175,0.875,0.78125,0.6115574548788707,1975.837158203125,38847.84348543013,1.7545643844181893,205.2328299091919,1.9368998789018086,3.398415543705017,4.561399214813759,8.003268605425315,6.2823339101195375,41.7292504447453,0.9245599699282842,14.899250889209187,941744.0,6278293.333333333,94174.4,66863.824,"[ 2.0151556  -4.385271    1.5153532  -4.093282   -0.51520413  0.11789045
  0.11095896  2.406804    2.5426984   0.5593751   0.52074456  1.4777733
  4.732449   -1.3689852  -0.79735327  0.6840976  -0.45364887 -2.9920862
 -1.0472152  -6.776895   -1.8663839   5.842126    1.0347506   0.6002251
  4.4172735  -1.0124438  -0.8538327   0.63816416 -0.9458708  -5.5120482
 -4.01043     3.0260324  -2.6452477   1.7571259  -1.0196656   6.006471
 -2.6377685  -0.7295444   2.9378672   0.6772744  -0.4777112  -1.010667
 -1.8852209   0.31811708 -0.125723   -1.6750082   0.7471087   0.25693512
  3.941757   -2.286369   -0.59131813  1.6497484   4.131468   -0.07139174
  0.66742265 -1.5759184  -0.07062218  1.4977977  -2.7099774   2.653215
  1.231803    0.50314426 -1.5902506   0.83810997 -3.2329376   0.78553927
 -1.8559529   1.1879928  -5.0016108  -2.787313   -1.0473442   1.4313447
 -8.3845625  -0.5873628   0.880724    5.4064245  -3.3824227  -1.4516422
 -0.4003582  -2.1971626   2.9147882  -1.233558   -1.9310012  -0.3168495
 -0.556001    0.657657    4.2956786   2.8638692   1.2290076   0.6709304
  5.1886516   3.1253908   2.5598242  -4.2372704  -0.24278188 -0.022591
 -0.19607341 -0.40553114  2.3682563   0.83981097 -0.9645561  -0.44660246
 -2.0278842   1.1265484   0.44620407  1.5076244  -0.6058216   1.2452129
  1.4182917  -4.352545    3.0262198  -1.3276592   0.21514873 -0.1509358
  0.766878    3.1973846  -1.250395   -0.8921942  -3.7187905   2.697374
  6.0178795  -0.50005805  1.619443    2.6649864  -2.2737753  -0.3284651
  3.515933   -0.40797   ]",0
27,74.50828729281768,36.6353591160221,68,29,14,16,181,0.875,0.8080357142857143,0.6374282539670392,1976.4921875,40108.74636245397,2.2230413780392837,226.54352037652694,1.6770062415943163,3.728054266294309,3.949349698954615,8.779567797123098,6.364458748038857,32.53676327597303,0.9364926319261403,14.8860768428241,1092816.0,7285440.0,109281.59999999999,77589.93599999999,"[ 2.010049   -4.3930483   1.5176727  -4.0937343  -0.51959175  0.11944702
  0.11234596  2.4051428   2.544741    0.56148857  0.521826    1.475804
  4.7373013  -1.3692237  -0.7976061   0.676947   -0.45287746 -2.991721
 -1.0450513  -6.776976   -1.8680863   5.8420115   1.0422438   0.5976999
  4.4187746  -1.0127248  -0.8539822   0.64561117 -0.95110625 -5.4996433
 -4.006263    3.023683   -2.6431704   1.7543699  -1.0172222   6.008277
 -2.634599   -0.7294042   2.9355636   0.67904586 -0.47742838 -1.0091975
 -1.8845972   0.31713158 -0.12443412 -1.6763998   0.7428107   0.2599082
  3.9403381  -2.2849138  -0.58928263  1.6507657   4.1279764  -0.07167051
  0.6716858  -1.5772877  -0.07161054  1.4918046  -2.7095978   2.653666
  1.2293602   0.50617117 -1.5941125   0.8436923  -3.2329333   0.7826885
 -1.8582515   1.1899433  -5.00083    -2.783967   -1.0489292   1.4321127
 -8.393867   -0.58785456  0.8803957   5.4065094  -3.381574   -1.45369
 -0.40016806 -2.1958737   2.916101   -1.2365996  -1.9289447  -0.31831267
 -0.55762243  0.6565215   4.288675    2.8646946   1.2288402   0.66744363
  5.192697    3.126128    2.5602818  -4.242264   -0.24267769 -0.02157701
 -0.19458377 -0.4008915   2.3664138   0.84139    -0.964959   -0.44407904
 -2.0250058   1.12476     0.44412112  1.508368   -0.6049041   1.246038
  1.4281472  -4.3495593   3.026288   -1.3286467   0.2155944  -0.15108022
  0.7675817   3.199734   -1.2499427  -0.8943998  -3.7196686   2.697511
  6.0238113  -0.49986693  1.6197604   2.666072   -2.2734993  -0.3284483
  3.516346   -0.40866393]",0
28,74.57317073170732,36.73780487804878,68,29,14,16,164,0.875,0.7321428571428571,0.6374728157808404,2251.136474609375,25243.084324411117,1.9482508069409261,209.5482305653485,1.6516628705857985,3.2178535204131484,3.8896660602295556,7.578045040572965,5.733855550401261,43.792191773515526,0.9462230848474408,12.406500146316672,759344.0,5062293.333333333,75934.4,53913.42399999999,"[ 2.0162745  -4.3868985   1.517483   -4.0943704  -0.514136    0.11445504
  0.11179647  2.4063232   2.5424588   0.55719954  0.52109003  1.4772949
  4.7358284  -1.369062   -0.79670084  0.68510944 -0.45345482 -2.9922931
 -1.0466166  -6.7761664  -1.8661779   5.8418193   1.035529    0.5997217
  4.4150734  -1.0106153  -0.8542861   0.6377021  -0.9436566  -5.512541
 -4.010545    3.025285   -2.6435783   1.756717   -1.021311    6.0069966
 -2.6390874  -0.7291837   2.9372952   0.6774904  -0.47854543 -1.0133425
 -1.884712    0.31725883 -0.12565267 -1.6744491   0.7461523   0.25907612
  3.9420497  -2.2856226  -0.5901253   1.6499169   4.1345844  -0.07139834
  0.67074704 -1.5761626  -0.0721738   1.497742   -2.7089112   2.6534836
  1.2324418   0.50670415 -1.5914636   0.8356075  -3.233052    0.7878176
 -1.855822    1.1892174  -5.001547   -2.7856612  -1.0473621   1.4317014
 -8.387467   -0.587078    0.87997276  5.405584   -3.3818784  -1.4522475
 -0.4002437  -2.196122    2.9163527  -1.2353965  -1.9308914  -0.31723276
 -0.5563783   0.6574402   4.2940745   2.8644624   1.2293789   0.66998994
  5.187155    3.1258748   2.5601225  -4.236351   -0.2422545  -0.02020038
 -0.19441044 -0.40659115  2.3694656   0.8405334  -0.96358407 -0.44521058
 -2.028212    1.12682     0.44730163  1.5077784  -0.6056129   1.2455184
  1.4164271  -4.3524284   3.0265322  -1.3292171   0.21391635 -0.15113124
  0.76661384  3.1969864  -1.2502598  -0.8923215  -3.7188032   2.6974695
  6.0198016  -0.50042295  1.6208557   2.6647913  -2.2726948  -0.32843065
  3.5146558  -0.40820903]",0
29,73.60509554140127,35.394904458598724,67,28,14,16,157,0.875,0.7008928571428571,0.6914495107688708,2795.63232421875,31573.13367499037,1.894908603502332,215.04450516982584,1.746359215084415,3.3091911014690374,4.112675951523797,7.793145043959583,5.95291049774169,39.08693437491858,0.9366069406435024,14.181070561177147,726304.0,4842026.666666666,72630.4,51567.583999999995,"[ 2.013085   -4.389024    1.5161475  -4.098529   -0.5163283   0.11691654
  0.11023131  2.4074376   2.5433445   0.5564025   0.5202346   1.4794055
  4.7336726  -1.3693559  -0.80041635  0.6851843  -0.4523635  -2.991982
 -1.0476301  -6.778257   -1.8672001   5.842302    1.0381231   0.6008001
  4.4176254  -1.0121889  -0.85334     0.63799417 -0.94521374 -5.510236
 -4.009846    3.026776   -2.644367    1.7573303  -1.0160418   6.0061407
 -2.639291   -0.727268    2.9419754   0.6772784  -0.47725266 -1.0046284
 -1.886096    0.3187663  -0.12517273 -1.6720113   0.74704003  0.2584033
  3.9415429  -2.2865334  -0.5893395   1.6497476   4.1322994  -0.07178975
  0.66026664 -1.5764678  -0.07133743  1.5042336  -2.7099407   2.6530743
  1.2315181   0.50827557 -1.5910623   0.8357831  -3.2322667   0.7780775
 -1.8552457   1.1895504  -5.0035934  -2.7840667  -1.0474776   1.4330819
 -8.385663   -0.5867849   0.8809189   5.4081664  -3.3847098  -1.4506832
 -0.4003725  -2.1979783   2.913907   -1.2351857  -1.9323776  -0.31672314
 -0.5558916   0.6577773   4.2902455   2.8633068   1.2289572   0.67124784
  5.1898212   3.1256032   2.5597386  -4.2391024  -0.24314013 -0.02178896
 -0.19405258 -0.39935967  2.3589933   0.83902514 -0.96462595 -0.44504535
 -2.0285919   1.1231736   0.44405317  1.507221   -0.6062613   1.2452437
  1.4172273  -4.352061    3.025885   -1.3272003   0.21087717 -0.15084413
  0.7673279   3.1982098  -1.2503582  -0.8943264  -3.7196133   2.6977236
  6.0208435  -0.5000396   1.6196197   2.66527    -2.276089   -0.32849586
  3.5167615  -0.4074592 ]",0
30,73.07142857142857,35.267857142857146,66,28,14,16,168,0.875,0.75,0.6457214290531865,1794.1575927734375,33569.43764845919,2.0570752521455233,206.4071301036773,1.6910637525345502,3.4786453951391647,3.982455137218866,8.192209905552733,6.087332521385799,37.59723099015834,0.9313158615983056,14.135702361072424,1046192.0,6974613.333333333,104619.2,74279.632,"[ 2.0074105  -4.393074    1.513068   -4.091942   -0.5152821   0.11768112
  0.1110644   2.4052079   2.543992    0.561858    0.5207572   1.4761797
  4.733711   -1.3687819  -0.7975632   0.68734574 -0.451805   -2.992488
 -1.0464151  -6.7752423  -1.8668792   5.8418903   1.0368155   0.59856534
  4.4171968  -1.0113701  -0.85264575  0.6419414  -0.9479541  -5.501964
 -4.0090036   3.0234725  -2.6334417   1.7575049  -1.0203567   6.006232
 -2.6361892  -0.73202825  2.9357715   0.6764082  -0.47699168 -1.0106647
 -1.8850691   0.3178913  -0.1255182  -1.6667928   0.7449125   0.25260687
  3.9389975  -2.2854936  -0.58727884  1.650438    4.1277604  -0.07110975
  0.6731515  -1.577697   -0.06987521  1.4942579  -2.7079434   2.654633
  1.2319171   0.51125354 -1.5937517   0.84438825 -3.2326565   0.7890769
 -1.8557097   1.1887004  -4.9994087  -2.792149   -1.0477862   1.4290285
 -8.391527   -0.58768874  0.87873226  5.405521   -3.3806086  -1.4519645
 -0.40059713 -2.1944234   2.9145813  -1.2287389  -1.9299302  -0.31810072
 -0.55728984  0.6563987   4.297928    2.8636246   1.2280636   0.67125905
  5.1887593   3.1256135   2.5609767  -4.244174   -0.24265599 -0.02232636
 -0.19280803 -0.39610437  2.361989    0.8409662  -0.9626187  -0.4421146
 -2.0270097   1.1202306   0.44287252  1.5081421  -0.60497224  1.2458383
  1.4180602  -4.3507347   3.0252953  -1.329425    0.21757005 -0.15198168
  0.76805747  3.1980522  -1.2492669  -0.89470404 -3.7152472   2.7013853
  6.019156   -0.49955174  1.618204    2.666454   -2.2727783  -0.3285572
  3.5153577  -0.40822548]",0
31,73.28873239436619,36.429577464788736,67,30,13,14,142,0.9285714285714286,0.7802197802197802,0.6481861988533878,2450.922119140625,26752.32209759151,1.8242119576411409,222.29312331017937,1.8331967683660577,3.344139465562459,4.3171783895020654,7.875448441399591,6.096313415450828,27.991548533688622,0.9462873683909719,13.725765351705567,814672.0,5431146.666666667,81467.2,57841.71199999999,"[ 2.0119953  -4.3938427   1.5155376  -4.0985703  -0.5156247   0.11173889
  0.11117449  2.4060144   2.5434108   0.5564057   0.52089596  1.4794081
  4.737581   -1.3691471  -0.80232275  0.6907252  -0.4509532  -2.9927883
 -1.0471654  -6.7757215  -1.8665656   5.843551    1.0358744   0.60040253
  4.4141254  -1.0092282  -0.85311484  0.6402978  -0.9405677  -5.5145607
 -4.01188     3.0247073  -2.6331959   1.7592537  -1.0201075   6.0070367
 -2.6419115  -0.72799563  2.940812    0.67667645 -0.47885844 -1.0072615
 -1.8861759   0.31822652 -0.1269679  -1.6649057   0.74662244  0.26162767
  3.9409251  -2.28569    -0.5863496   1.6503227   4.132433   -0.0711543
  0.67433476 -1.5772159  -0.07206175  1.5022604  -2.7075207   2.6547878
  1.2320186   0.5150585  -1.5934736   0.8367709  -3.232822    0.78957665
 -1.8518568   1.193378   -5.004288   -2.7860928  -1.048032    1.4295819
 -8.398934   -0.5858335   0.8781219   5.405367   -3.3825133  -1.450954
 -0.40101683 -2.1952555   2.9143438  -1.2289425  -1.9311621  -0.318239
 -0.55653995  0.6571509   4.2982426   2.864835    1.2287649   0.67305136
  5.1865716   3.1265275   2.56073    -4.243161   -0.24313444 -0.01802123
 -0.1937908  -0.39455953  2.3571494   0.8394568  -0.9626967  -0.4389913
 -2.0302715   1.1200548   0.44321465  1.5086157  -0.6044969   1.2450411
  1.4098674  -4.3500004   3.0259762  -1.3322723   0.21127014 -0.15139052
  0.76775384  3.198044   -1.2506573  -0.8954088  -3.7160494   2.7031076
  6.0218506  -0.5018294   1.6194812   2.6655884  -2.2744358  -0.3283599
  3.5146875  -0.40775895]",0
32,71.81333333333333,34.70666666666666,66,27,13,16,150,0.8125,0.7211538461538461,0.6779459391898728,2238.848876953125,27739.577380549174,2.0650809528548266,219.8725680778435,1.6328460860996872,3.3719593513480164,3.845352532764763,7.940964272424578,5.89315840259467,35.1560211046093,0.9441966718006819,13.598915981442337,785024.0,5233493.333333333,78502.4,55736.704,"[ 2.0141902  -4.387896    1.5148913  -4.092951   -0.5132322   0.1157158
  0.11051956  2.4067795   2.5424504   0.55528873  0.5228028   1.479007
  4.7320266  -1.3693771  -0.7988061   0.6884166  -0.4529671  -2.9920552
 -1.0491171  -6.7765317  -1.8650101   5.842446    1.0388843   0.5993662
  4.417541   -1.0110445  -0.8535354   0.6385485  -0.9476506  -5.5130234
 -4.0117893   3.0269141  -2.6415796   1.7580363  -1.016978    6.0061917
 -2.639673   -0.73160005  2.9402025   0.6760437  -0.47841814 -1.0115422
 -1.8854684   0.3185265  -0.12456787 -1.6736157   0.747689    0.25739574
  3.9422443  -2.2863834  -0.59139717  1.6499364   4.1347857  -0.07178303
  0.6669024  -1.575991   -0.07299182  1.5001389  -2.7119222   2.6530888
  1.2342877   0.5047245  -1.5914631   0.8395128  -3.23263     0.7791039
 -1.8537692   1.1864662  -5.000042   -2.7853131  -1.04753     1.4341447
 -8.385036   -0.5867548   0.8805886   5.4065146  -3.3842235  -1.4506134
 -0.4006136  -2.198905    2.915373   -1.2327721  -1.931501   -0.3166695
 -0.555785    0.657919    4.2881103   2.8635435   1.2291193   0.6743283
  5.187205    3.125434    2.559698   -4.239581   -0.24340388 -0.02396405
 -0.19543326 -0.4026591   2.364896    0.8391268  -0.9647106  -0.44718444
 -2.030327    1.1223558   0.44330716  1.5072731  -0.6060175   1.2451384
  1.4168425  -4.3532124   3.027722   -1.3275552   0.21322404 -0.1508452
  0.76684797  3.1962605  -1.2506607  -0.892528   -3.718572    2.6964757
  6.0154886  -0.50386345  1.6171728   2.6648614  -2.2756398  -0.32847947
  3.5162895  -0.40761882]",0
33,73.38916256157636,34.51724137931034,66,26,15,18,203,0.8333333333333334,0.7518518518518519,0.6218108748514454,1518.3468017578125,39225.615936219576,1.938457074893563,202.40305763123217,1.7444822991080182,3.381604054732527,4.108255814399383,7.963677548895101,6.035966681647242,44.01394767680055,0.9256313783219918,13.900706282552372,936640.0,6244266.666666666,93663.99999999999,66501.43999999999,"[ 2.0073462  -4.3919487   1.5189782  -4.0999904  -0.5178165   0.11726174
  0.11115173  2.4063694   2.5434146   0.5584832   0.51945686  1.4777757
  4.7384114  -1.3690417  -0.80054533  0.6842608  -0.4529977  -2.9912562
 -1.0447358  -6.7774987  -1.8688668   5.8422017   1.0407473   0.59779376
  4.4154224  -1.0095934  -0.85413     0.63979757 -0.945718   -5.5006337
 -4.0062304   3.0239477  -2.6395113   1.7565172  -1.012845    6.0062966
 -2.6385543  -0.72632885  2.9393191   0.67680043 -0.47677824 -1.0068896
 -1.884866    0.31796682 -0.12587023 -1.6683911   0.7432201   0.25684357
  3.9407446  -2.2856705  -0.58542943  1.6499976   4.1333933  -0.07146481
  0.6621368  -1.5770234  -0.06843111  1.5029192  -2.7067974   2.653133
  1.2289115   0.51318014 -1.5951475   0.83736193 -3.2323709   0.7846081
 -1.8571585   1.1908785  -5.004787   -2.7835681  -1.0477164   1.4312906
 -8.388794   -0.58784205  0.88008326  5.407311   -3.3831446  -1.4512854
 -0.4003036  -2.1947992   2.9146843  -1.2372178  -1.930977   -0.3173721
 -0.5565486   0.65718824  4.288033    2.8636303   1.2291583   0.6672578
  5.1899924   3.1260958   2.5598817  -4.242741   -0.24263042 -0.01999033
 -0.19145596 -0.39709905  2.3554063   0.83980405 -0.963755   -0.4398973
 -2.0268416   1.1255432   0.44316912  1.5074867  -0.6054659   1.2461504
  1.4163309  -4.349946    3.025482   -1.329091    0.21163808 -0.15102276
  0.7672727   3.1984675  -1.2499348  -0.89708465 -3.7189317   2.6963124
  6.0268235  -0.49748597  1.6202041   2.6655173  -2.2748768  -0.32864785
  3.5159824  -0.4083764 ]",0
34,72.97448979591837,34.35204081632653,66,26,15,18,196,0.8333333333333334,0.725925925925926,0.6413429131667099,1891.2972412109375,66582.02823783213,1.9041288922273072,204.32264769665363,1.9202788971210585,3.656458529142596,4.522256802720093,8.610959836130814,6.566608319425454,38.8728724892625,0.8870987892475578,18.43106686286025,827216.0,5514773.333333333,82721.59999999999,58732.335999999996,"[ 2.013119   -4.392093    1.5180701  -4.097374   -0.51856226  0.11432424
  0.11006007  2.4072366   2.5413828   0.55884546  0.52095866  1.4796866
  4.738218   -1.3690655  -0.8011811   0.6868368  -0.45148444 -2.9911861
 -1.0477521  -6.776523   -1.8662462   5.8419595   1.0388502   0.6001612
  4.416153   -1.0112922  -0.85399735  0.6360351  -0.941771   -5.5126505
 -4.008871    3.026723   -2.642776    1.7580132  -1.0152211   6.004767
 -2.6393402  -0.7226713   2.9412956   0.6770567  -0.47715664 -1.0069555
 -1.8854592   0.31877232 -0.12665677 -1.6727393   0.7458192   0.26340723
  3.9418037  -2.2869322  -0.5897074   1.6495142   4.1377788  -0.07148304
  0.6634846  -1.5758181  -0.06926677  1.5068616  -2.7099488   2.6524422
  1.2310995   0.5096361  -1.5930148   0.8378142  -3.2319891   0.781016
 -1.8548337   1.1899278  -5.0018916  -2.7830577  -1.0466558   1.4311723
 -8.3867855  -0.5871571   0.8809082   5.406983   -3.3835588  -1.4495844
 -0.40069398 -2.1976266   2.9135153  -1.2362891  -1.9320176  -0.31582466
 -0.5552847   0.658173    4.290874    2.8625252   1.2290441   0.67190766
  5.1878686   3.1247613   2.55903    -4.2399945  -0.24319464 -0.02148212
 -0.19451654 -0.40242133  2.3596044   0.8387548  -0.964645   -0.4419924
 -2.0285766   1.123118    0.44348562  1.5064209  -0.6058476   1.2457477
  1.4138868  -4.35151     3.0253086  -1.3271235   0.2101876  -0.15121296
  0.7664984   3.196472   -1.2505649  -0.89436406 -3.71776     2.6970904
  6.0243573  -0.5006691   1.6180938   2.664487   -2.2765849  -0.32915437
  3.5157564  -0.4075665 ]",0
35,71.36723163841808,32.779661016949156,64,25,15,17,177,0.8823529411764706,0.6941176470588235,0.6798645160218163,2465.777099609375,57091.31855693708,2.3005370232928217,215.49450633321962,1.516167749709191,3.4880000417285584,3.570575050565145,8.214240098270755,5.89240757441795,43.008082237848534,0.8957788380338173,17.959672111583128,937072.0,6247146.666666667,93707.2,66532.112,"[ 2.0104141  -4.391943    1.5165921  -4.0972476  -0.5179123   0.11904654
  0.11100426  2.4064107   2.544206    0.559061    0.52149653  1.4777429
  4.738396   -1.3688155  -0.8022573   0.68488705 -0.45254427 -2.992145
 -1.0481805  -6.777558   -1.8686254   5.842139    1.0401073   0.59996283
  4.417674   -1.0130928  -0.853678    0.6411365  -0.9493353  -5.504448
 -4.008747    3.025547   -2.639001    1.7581425  -1.0138367   6.007124
 -2.6381013  -0.7242508   2.9387147   0.6776389  -0.47702926 -1.0053359
 -1.8858616   0.31852692 -0.12576902 -1.6701723   0.7465254   0.25845337
  3.9399698  -2.2857103  -0.58849704  1.6501839   4.132171   -0.07130782
  0.66631365 -1.5767974  -0.07059667  1.500639   -2.7091377   2.6539555
  1.2311175   0.51030433 -1.5939493   0.83927107 -3.2322154   0.78339744
 -1.8551315   1.1895797  -5.0043793  -2.783136   -1.0479182   1.4333193
 -8.391296   -0.58686364  0.87994295  5.4078035  -3.3831823  -1.451622
 -0.40030462 -2.197682    2.916031   -1.2325474  -1.9307896  -0.31757286
 -0.5567444   0.6571229   4.2883487   2.8637292   1.2289828   0.6704792
  5.1910625   3.1257174   2.560679   -4.240418   -0.24347919 -0.02126897
 -0.19613957 -0.39589438  2.35658     0.8403888  -0.9635197  -0.4445988
 -2.0279303   1.1215991   0.44408703  1.5075253  -0.6055203   1.2455124
  1.4175068  -4.3505235   3.026328   -1.3276587   0.2125219  -0.15133044
  0.7676625   3.1990068  -1.2497977  -0.89541596 -3.7183118   2.6989515
  6.0194287  -0.50032413  1.6201762   2.665655   -2.2754319  -0.3287683
  3.517225   -0.4075191 ]",0
36,73.75675675675676,34.57837837837838,67,26,14,18,185,0.7777777777777778,0.7341269841269841,0.6730812905661485,1870.38818359375,41771.63635770373,2.2778605113904784,223.08154273118117,1.6016331996035837,3.648297019108987,3.7718461850664395,8.591739480001666,6.181792832534052,39.812276946138056,0.9309791252494658,15.026397737334143,1045680.0,6971200.0,104568.0,74243.28,"[ 2.012616   -4.3915462   1.5195631  -4.0929728  -0.5147783   0.11671057
  0.1111134   2.4062393   2.5433404   0.5628552   0.5247283   1.4783376
  4.743394   -1.3689823  -0.7983849   0.68436736 -0.45442152 -2.9914622
 -1.0476017  -6.777226   -1.8671222   5.843097    1.0398871   0.59687483
  4.4171906  -1.0102329  -0.8540323   0.63950884 -0.9479429  -5.5087485
 -4.008776    3.0247226  -2.6446319   1.7565405  -1.0156865   6.0070224
 -2.6391222  -0.727211    2.9400592   0.67662346 -0.4774499  -1.011926
 -1.8847945   0.3178283  -0.12474991 -1.6767739   0.7441348   0.2649989
  3.941872   -2.2855606  -0.59017885  1.6502688   4.130272   -0.07131087
  0.6704732  -1.5766519  -0.07342526  1.4952849  -2.7116013   2.653571
  1.2315499   0.50430524 -1.5972049   0.84537506 -3.2328746   0.7840198
 -1.8555173   1.1893897  -5.0041423  -2.78293    -1.0483365   1.4343272
 -8.39133    -0.58740604  0.88019186  5.406696   -3.3833454  -1.4516724
 -0.40043885 -2.1977494   2.9155872  -1.2347709  -1.9304191  -0.3174987
 -0.55648994  0.65734625  4.287905    2.864237    1.2291573   0.66844296
  5.189191    3.1268504   2.559741   -4.2409596  -0.24303967 -0.02104986
 -0.19460225 -0.4028847   2.367361    0.8397213  -0.9654516  -0.44554627
 -2.0277846   1.1283556   0.44440973  1.5080675  -0.6051401   1.2458712
  1.4234401  -4.349717    3.02663    -1.3293415   0.21773694 -0.15092674
  0.7674484   3.1981456  -1.2504722  -0.89398116 -3.7183456   2.6973834
  6.0219707  -0.5045414   1.6194385   2.665352   -2.2756193  -0.32865238
  3.5164793  -0.40820014]",0
37,73.03954802259886,34.389830508474574,67,26,13,17,177,0.7647058823529411,0.8009049773755657,0.6171026553200152,1901.06494140625,35520.25627895997,1.751097432832379,205.61020610991906,1.941786151210543,3.4002567444942473,4.572906386100828,8.007604633283952,6.29025550969239,43.92258985456869,0.931504049318682,14.166136170650892,798176.0,5321173.333333333,79817.59999999999,56670.49599999999,"[ 2.007584   -4.3906164   1.5165547  -4.0989966  -0.51709     0.11785483
  0.11025563  2.4068193   2.5410848   0.55615145  0.5197487   1.4798533
  4.7390714  -1.3694434  -0.80350804  0.6912157  -0.45276618 -2.9909894
 -1.0466726  -6.7760863  -1.8663435   5.8425055   1.03399     0.59869426
  4.417279   -1.0086625  -0.8537451   0.63406694 -0.9405677  -5.512252
 -4.0080757   3.0253875  -2.6414611   1.7574902  -1.0106076   6.004514
 -2.640156   -0.7254031   2.9420247   0.67564064 -0.47735626 -1.0049944
 -1.8846772   0.31903988 -0.12642896 -1.667285    0.743773    0.2604165
  3.9420316  -2.2862089  -0.5878912   1.6494668   4.134053   -0.07187059
  0.66116214 -1.5760268  -0.06663558  1.5099981  -2.707249    2.6526022
  1.2301006   0.5115802  -1.5960284   0.8371464  -3.2320902   0.7859055
 -1.8525454   1.1892715  -5.007334   -2.7856295  -1.0465102   1.4333558
 -8.387242   -0.5874303   0.88024825  5.4069047  -3.3839374  -1.4490788
 -0.4008196  -2.1964743   2.9098017  -1.2341474  -1.9307868  -0.31551626
 -0.5547522   0.65800023  4.29129     2.8628628   1.2292984   0.67192686
  5.1868296   3.125557    2.558941   -4.241165   -0.24304768 -0.02057207
 -0.18953717 -0.39734033  2.3525932   0.838164   -0.96475995 -0.43722403
 -2.0288053   1.1258966   0.44150996  1.5066283  -0.6059642   1.2456491
  1.410981   -4.3505435   3.0259035  -1.328022    0.21055184 -0.15077654
  0.7662897   3.1963995  -1.2504926  -0.8955206  -3.7173107   2.696175
  6.024088   -0.49905756  1.6159674   2.6645708  -2.2766693  -0.32876801
  3.515498   -0.4077626 ]",0
38,73.47126436781609,35.14367816091954,66,27,15,17,174,0.8823529411764706,0.6823529411764706,0.6386984526402774,1776.923828125,34622.006070892035,2.0620417473653943,199.73086841010308,1.6187638424486848,3.337958622254806,3.8121888489666524,7.860892555410068,5.83654070218836,37.61186308871189,0.9239437809318856,14.105922386871303,963904.0,6426026.666666667,96390.4,68437.184,"[ 2.012563   -4.393462    1.5171336  -4.0941224  -0.51353925  0.1136477
  0.11028549  2.4068885   2.543888    0.558855    0.522506    1.4792258
  4.738029   -1.3689326  -0.79946315  0.68666464 -0.45148453 -2.9924057
 -1.048491   -6.7783113  -1.8668512   5.8425174   1.0406183   0.5994798
  4.417471   -1.0118918  -0.85292625  0.6400176  -0.94792885 -5.509266
 -4.0111156   3.0263333  -2.6354315   1.7584957  -1.0193549   6.006357
 -2.6397674  -0.7266598   2.9421625   0.6769082  -0.47733593 -1.0100703
 -1.8863935   0.3182931  -0.12459327 -1.6723384   0.74696064  0.26353836
  3.941201   -2.2862732  -0.5893208   1.6502755   4.133868   -0.07127146
  0.6698139  -1.5772523  -0.0749366   1.5000064  -2.7114055   2.654275
  1.2338604   0.5094186  -1.593912    0.84449625 -3.2323089   0.78108823
 -1.8555912   1.1893154  -5.0006604  -2.7874312  -1.0479813   1.430866
 -8.390667   -0.5866224   0.88006276  5.407803   -3.3840454  -1.450931
 -0.40059084 -2.197989    2.9160523  -1.2317559  -1.9330417  -0.31761995
 -0.5567393   0.6572144   4.290648    2.8635125   1.2284539   0.67176497
  5.1899843   3.1261454   2.560465   -4.2425714  -0.24338916 -0.02259243
 -0.19470954 -0.39747855  2.3639243   0.839561   -0.9640533  -0.4467126
 -2.028891    1.1205384   0.4436854   1.5077324  -0.6055662   1.2454864
  1.4200633  -4.352214    3.0255485  -1.3285078   0.21394144 -0.15186992
  0.76813287  3.1982038  -1.2500775  -0.8939864  -3.7174253   2.6996734
  6.0225544  -0.5035368   1.6200639   2.6659176  -2.2756414  -0.32887816
  3.5164948  -0.4074226 ]",0
39,74.64739884393063,35.994219653179194,68,28,14,16,173,0.875,0.7723214285714286,0.6151568464594187,1504.23583984375,29080.437646684943,1.8918963799203414,201.1169401957963,1.7081694135681909,3.2316795298203127,4.02273896895309,7.610605292726836,5.816672130839963,34.6872676316646,0.936285679978993,12.96514617344351,1026848.0,6845653.333333334,102684.8,72906.208,"[ 2.00864    -4.3899984   1.5185853  -4.0951633  -0.51621526  0.11888018
  0.11142638  2.406319    2.5436409   0.55295223  0.5217149   1.4775009
  4.7360225  -1.3692676  -0.8012711   0.67760223 -0.45426014 -2.9922066
 -1.0452302  -6.7772     -1.8686975   5.8418155   1.0482426   0.5968473
  4.4169264  -1.0114564  -0.8545455   0.6445538  -0.95147365 -5.5051746
 -4.007427    3.0243025  -2.6436524   1.7558436  -1.0168511   6.0069985
 -2.6377528  -0.72815514  2.9387717   0.6774594  -0.47745958 -1.0087785
 -1.8851633   0.31747735 -0.1244923  -1.6759123   0.7426827   0.2625475
  3.941632   -2.284478   -0.58858633  1.6505077   4.133605   -0.07201812
  0.6730602  -1.5772971  -0.07254264  1.4950036  -2.7092407   2.6536121
  1.2309049   0.5077593  -1.5946788   0.8381188  -3.232539    0.7784277
 -1.8567096   1.1887635  -5.0038323  -2.7763672  -1.0482736   1.4334177
 -8.393661   -0.5875173   0.88041514  5.40688    -3.3829927  -1.4520539
 -0.40040565 -2.1962936   2.9172888  -1.238015   -1.9310113  -0.31767884
 -0.5566259   0.65685016  4.2858477   2.86397     1.2294519   0.66717684
  5.190831    3.1261194   2.5602434  -4.243538   -0.24290258 -0.02089942
 -0.19461477 -0.39945272  2.364369    0.83991027 -0.96430147 -0.4458797
 -2.0271964   1.1257323   0.44411135  1.5074787  -0.6051951   1.2460358
  1.4278594  -4.350108    3.0261693  -1.3287578   0.21308057 -0.15127751
  0.7668601   3.19792    -1.2500837  -0.895014   -3.720489    2.6970925
  6.0253253  -0.49997047  1.6208493   2.665668   -2.274523   -0.32889867
  3.516416   -0.40828633]",0
40,73.40136054421768,34.53061224489796,67,28,13,15,147,0.8666666666666667,0.7538461538461538,0.6283383125757194,2127.129150390625,20053.652639410087,1.4340397947817338,215.2547685152352,2.069527464917789,2.967784741085868,4.8737371798813935,6.98913306525722,5.931435122569306,37.28675868004632,0.9571432331281022,11.679871819085717,751640.0,5010933.333333334,75164.0,53366.439999999995,"[ 2.0068283  -4.3905535   1.5162231  -4.100261   -0.5172443   0.11918652
  0.10999957  2.4078612   2.5427175   0.5519158   0.51929736  1.47922
  4.736351   -1.3688619  -0.8050288   0.6878975  -0.45303392 -2.9928322
 -1.0470328  -6.778752   -1.8689202   5.842089    1.04433     0.60050964
  4.416868   -1.0125359  -0.85400593  0.6362902  -0.9454114  -5.512155
 -4.008593    3.0264802  -2.6394908   1.7593473  -1.0149808   6.0057383
 -2.6398551  -0.727371    2.940855    0.67714286 -0.47668302 -1.0068638
 -1.886373    0.31849855 -0.12714255 -1.6687301   0.7452898   0.25856686
  3.9417167  -2.2867246  -0.5880797   1.649678    4.1375046  -0.07140472
  0.66910315 -1.5768077  -0.06591567  1.50774    -2.7071068   2.6540456
  1.231481    0.5146822  -1.5951197   0.8326304  -3.2321417   0.7823566
 -1.8555468   1.1887589  -5.0078726  -2.7821229  -1.0465568   1.4313098
 -8.392952   -0.58696437  0.88043374  5.4089894  -3.3835938  -1.4499272
 -0.40049952 -2.1967673   2.9157398  -1.2355329  -1.9336938  -0.31661716
 -0.5558594   0.6575522   4.2942543   2.8630364   1.2292035   0.6708244
  5.1898737   3.1252787   2.5606105  -4.241532   -0.24310225 -0.02047241
 -0.19174981 -0.39662704  2.3558564   0.8390639  -0.9630586  -0.4414705
 -2.0283244   1.122898    0.44436538  1.5066354  -0.60622007  1.2455659
  1.414081   -4.352786    3.0251799  -1.3272165   0.21008633 -0.15217808
  0.7668019   3.1974077  -1.2496842  -0.8956768  -3.7184763   2.699381
  6.026754   -0.4954421   1.6202947   2.6653848  -2.2758489  -0.32928723
  3.5162616  -0.4072289 ]",0
41,73.89403973509934,35.13907284768212,67,28,14,15,151,0.9333333333333333,0.719047619047619,0.6124833805666142,2104.4462890625,17159.01904144683,1.930254252634383,222.8081912191796,1.6593237881146756,3.2029167985057465,3.907707521010061,7.542869060481033,5.725288290745548,34.399518604188565,0.9653412929934078,10.660013493973675,1059568.0,7063786.666666667,105956.8,75229.328,"[ 2.0099695  -4.39052     1.523728   -4.093807   -0.5154688   0.11833078
  0.11133447  2.4070692   2.5449815   0.5593447   0.52188873  1.4763933
  4.735412   -1.368681   -0.7966958   0.67771775 -0.45385686 -2.9921162
 -1.0461857  -6.7805486  -1.8688813   5.8418946   1.0534744   0.5967339
  4.4168396  -1.0128263  -0.8546957   0.6449238  -0.9591076  -5.4979067
 -4.007948    3.025909   -2.6387298   1.7568884  -1.013161    6.00792
 -2.6364083  -0.73441625  2.9371395   0.67768466 -0.4768246  -1.0159235
 -1.885701    0.31675816 -0.12397743 -1.6794165   0.7458123   0.25990486
  3.941477   -2.286461   -0.5891315   1.6507418   4.135474   -0.07140886
  0.66924334 -1.5773506  -0.07233426  1.4940053  -2.7123787   2.6534383
  1.2326874   0.5028478  -1.5925972   0.8444576  -3.2327864   0.7771318
 -1.8625087   1.186261   -4.9964876  -2.7848668  -1.0486335   1.4299538
 -8.386491   -0.5879999   0.8818539   5.4088264  -3.3839724  -1.4529535
 -0.39976245 -2.196938    2.9219527  -1.2413584  -1.9329829  -0.31842807
 -0.5580431   0.6569014   4.2791495   2.863978    1.2288508   0.6665964
  5.193745    3.1259203   2.5607316  -4.24354    -0.24295038 -0.02572335
 -0.19894373 -0.40198687  2.368651    0.84108007 -0.96421397 -0.45173776
 -2.0265641   1.1248633   0.44502163  1.5076425  -0.6057598   1.2463505
  1.4262055  -4.3540535   3.0268495  -1.3272166   0.21601103 -0.15141878
  0.7674316   3.1987767  -1.2492319  -0.8953523  -3.7216864   2.6922505
  6.0254107  -0.50012577  1.6220661   2.6663609  -2.274061   -0.32887185
  3.5175955  -0.40832394]",0
42,75.9245283018868,36.088050314465406,70,29,13,15,159,0.8666666666666667,0.8153846153846154,0.6111570377311073,1631.9271240234375,22065.348235083726,1.7083411267008586,206.13581996907988,1.8846378040261125,3.2196042695530007,4.438322028481495,7.582168054797316,6.010245041639406,36.78826493551737,0.9520106691696085,11.780313029093058,861440.0,5742933.333333334,86144.0,61162.24,"[ 2.012409   -4.389349    1.5176741  -4.0970497  -0.51576537  0.11471674
  0.11014661  2.4072673   2.5430298   0.5582308   0.5196147   1.4785768
  4.733028   -1.3691459  -0.79804647  0.6858098  -0.4523353  -2.9919348
 -1.0466418  -6.7777333  -1.8674706   5.842183    1.0427977   0.5993779
  4.4137535  -1.0108259  -0.85369694  0.6393372  -0.9445645  -5.5082455
 -4.009158    3.0255983  -2.6399155   1.7583025  -1.019004    6.0055947
 -2.6394892  -0.7303579   2.9399896   0.676189   -0.47686723 -1.0107106
 -1.8858792   0.3182215  -0.12661731 -1.6698431   0.7466496   0.25655174
  3.9411225  -2.2871597  -0.58736444  1.6500279   4.1350346  -0.07133105
  0.6674031  -1.576962   -0.06994006  1.4994078  -2.7094958   2.653265
  1.230951    0.5094114  -1.5911871   0.8384626  -3.2324598   0.78222966
 -1.857272    1.1895494  -5.0010133  -2.783136   -1.047409    1.4279737
 -8.388033   -0.5874196   0.8802621   5.4071746  -3.38336    -1.450554
 -0.40041792 -2.195616    2.9166048  -1.2350913  -1.9329511  -0.3173212
 -0.5565241   0.65774065  4.293256    2.8631725   1.2286824   0.6696987
  5.1884007   3.125371    2.5599864  -4.2417192  -0.24264857 -0.02228797
 -0.1954999  -0.4019343   2.3626103   0.8391876  -0.9632863  -0.44397044
 -2.0283651   1.1242324   0.4442947   1.507386   -0.60572326  1.2457595
  1.4149315  -4.352207    3.0253592  -1.3287513   0.21398424 -0.15150902
  0.7672653   3.1973083  -1.2500426  -0.8950862  -3.718044    2.6987174
  6.022641   -0.49977216  1.620478    2.6655428  -2.2750604  -0.32873368
  3.5157707  -0.4080832 ]",0
43,76.02857142857142,33.67142857142857,70,27,13,15,140,0.8666666666666667,0.717948717948718,0.6607862696910352,2560.678466796875,25158.027328764278,1.6306907512969788,228.35468522942338,1.9734713423722239,3.218121465956019,4.647525011286588,7.578676052326425,6.113100531806506,27.127691919727912,0.9510519584924223,13.405230143696121,743488.0,4956586.666666666,74348.79999999999,52787.647999999994,"[ 2.0080419  -4.3865213   1.5147234  -4.098992   -0.51513547  0.1156373
  0.11074069  2.406589    2.5443683   0.55608886  0.51915646  1.4783128
  4.7355514  -1.3687645  -0.8048525   0.6903651  -0.45243603 -2.9934785
 -1.047209   -6.77743    -1.869188    5.8427825   1.0380358   0.60124475
  4.41558    -1.012413   -0.8526584   0.63690984 -0.9425654  -5.5108137
 -4.0101194   3.0249677  -2.634377    1.7602879  -1.020969    6.0069723
 -2.6407125  -0.7266669   2.940011    0.6775973  -0.47729874 -1.0039437
 -1.8869342   0.31863123 -0.12767959 -1.6627377   0.74596274  0.2549038
  3.93979    -2.2856104  -0.5865364   1.6500531   4.1302714  -0.07127402
  0.6667167  -1.5773019  -0.069159    1.5060043  -2.7066758   2.6550927
  1.2317746   0.5201279  -1.593742    0.832703   -3.2325919   0.78438246
 -1.8553008   1.1921431  -5.0061374  -2.7844982  -1.0476203   1.4312639
 -8.391656   -0.5861247   0.87829     5.407043   -3.3816729  -1.4514054
 -0.400694   -2.195501    2.9137058  -1.2300414  -1.9320427  -0.31806043
 -0.5568214   0.6565988   4.3001947   2.8644438   1.228495    0.6697757
  5.1895022   3.126218    2.5612178  -4.241026   -0.24321339 -0.01848496
 -0.19084215 -0.39102247  2.353588    0.839767   -0.9619936  -0.44133937
 -2.0280614   1.1219512   0.44533348  1.5082896  -0.60489744  1.2447617
  1.4124699  -4.34995     3.0247445  -1.3300397   0.21335553 -0.151822
  0.76799345  3.1993089  -1.2499458  -0.8957388  -3.7160127   2.7042186
  6.022832   -0.4970776   1.6221551   2.6660404  -2.2736259  -0.32848418
  3.5159676  -0.4073766 ]",0
44,76.62676056338029,34.95774647887324,71,28,12,15,142,0.8,0.7888888888888889,0.6497525020780172,1502.1353759765625,15381.761997975966,1.6480000768532077,214.27968443756575,1.7278262186150166,2.8474577410665347,4.069030744838364,6.70576298021169,5.387396862525026,25.433773989258146,0.9636881314207435,10.407798402706502,1140880.0,7605866.666666667,114088.0,81002.48,"[ 2.013147   -4.385172    1.514109   -4.0923796  -0.5095784   0.11600512
  0.11140099  2.4070153   2.546915    0.5515284   0.52351665  1.4765788
  4.728891   -1.3686813  -0.7957829   0.68007624 -0.4554308  -2.9953785
 -1.0466123  -6.7790127  -1.8692701   5.842327    1.0510423   0.6004772
  4.416149   -1.0140711  -0.85328066  0.6473526  -0.9542667  -5.5099382
 -4.012845    3.0249019  -2.6404996   1.7582034  -1.0306811   6.009466
 -2.6393332  -0.74144983  2.9382157   0.67831033 -0.47802037 -1.0155686
 -1.8873854   0.3163287  -0.12489916 -1.6761796   0.74750245  0.25457668
  3.9406896  -2.2848506  -0.58897376  1.650975    4.1275315  -0.07119832
  0.6865673  -1.5790801  -0.07653901  1.4813764  -2.7103758   2.656705
  1.2349216   0.5080378  -1.5912349   0.8344103  -3.233597    0.7785393
 -1.8601297   1.1901455  -5.001003   -2.7766747  -1.0489855   1.4321486
 -8.398085   -0.58600837  0.8790105   5.407085   -3.3821335  -1.4541142
 -0.3998394  -2.195975    2.9224973  -1.232271   -1.9341679  -0.32049373
 -0.5586899   0.65584254  4.298313    2.8655438   1.2281872   0.66744184
  5.1902337   3.1272507   2.5628352  -4.241826   -0.24236447 -0.01915921
 -0.19451416 -0.40043142  2.3772779   0.84130216 -0.9619311  -0.45228267
 -2.028215    1.1254905   0.44917238  1.509181   -0.6050957   1.2451853
  1.4300971  -4.353204    3.0254722  -1.3313447   0.21996854 -0.1530846
  0.7685619   3.1995025  -1.2492179  -0.89295214 -3.7202742   2.7054904
  6.018853   -0.49992678  1.6258641   2.6674678  -2.2718728  -0.32877415
  3.5156338  -0.4078012 ]",0
45,76.43076923076923,34.707692307692305,71,28,12,14,130,0.8571428571428571,0.7738095238095238,0.5773838501099708,1652.6009521484375,20259.94653610803,1.4582187045926331,222.6429309155324,1.9492149143818809,2.8423816474225867,4.59040112336933,6.693808779680191,5.642104951524761,27.810623376074936,0.9543323480258435,12.483819230726082,850160.0,5667733.333333334,85016.0,60361.35999999999,"[ 2.0124805  -4.3840294   1.5156251  -4.097729   -0.5103056   0.1136969
  0.11118236  2.4070861   2.5452652   0.5482897   0.5230372   1.4782156
  4.733034   -1.3687592  -0.8019972   0.68419844 -0.45496517 -2.9948888
 -1.0474106  -6.777885   -1.8691642   5.842833    1.0416559   0.6004433
  4.4139423  -1.0117569  -0.85339093  0.639763   -0.9460487  -5.5178947
 -4.0144315   3.024809   -2.6408656   1.7601943  -1.028173    6.008536
 -2.6428406  -0.73271894  2.9398768   0.6772591  -0.47871    -1.0108383
 -1.8872194   0.3171413  -0.12675428 -1.672067    0.74740005  0.26077557
  3.9413412  -2.2843263  -0.58769584  1.6502403   4.1307755  -0.07132512
  0.6776941  -1.5779576  -0.07563636  1.4932169  -2.7081614   2.656213
  1.2350632   0.5156257  -1.5925082   0.8282461  -3.233369    0.7831116
 -1.855327    1.1924486  -5.006488   -2.7780418  -1.0481946   1.4329438
 -8.397486   -0.58555084  0.87806875  5.406385   -3.3819993  -1.4526303
 -0.40028867 -2.1955512   2.920149   -1.2328659  -1.9338329  -0.3193672
 -0.5572459   0.6564228   4.3017735   2.8656347   1.2289469   0.66832316
  5.1875935   3.1277535   2.5622609  -4.2426853  -0.242693   -0.01605047
 -0.19483435 -0.39620295  2.3685496   0.84023976 -0.9613887  -0.44775522
 -2.030324    1.1248525   0.44857407  1.5089465  -0.60488415  1.2447174
  1.4200438  -4.35161     3.025652   -1.3328198   0.2145813  -0.15231058
  0.76788694  3.1986284  -1.2498358  -0.8956656  -3.718682    2.707783
  6.023666   -0.49921188  1.6252674   2.66647    -2.272293   -0.32855415
  3.5150986  -0.4074902 ]",0
46,75.98039215686275,31.598039215686274,71,26,11,12,102,0.9166666666666666,0.7727272727272727,0.715413049166398,2176.228271484375,12282.417419366777,1.6633232000291414,246.69854974745786,1.755831321533318,2.9205149724441943,4.134982762210964,6.877812760106077,5.506397761158521,12.675470228582661,0.9712596419684242,10.973415924524845,793744.0,5291626.666666666,79374.4,56355.82399999999,"[ 2.0180116  -4.3832273   1.5182606  -4.093118   -0.5083172   0.113682
  0.11101857  2.408353    2.544673    0.54591316  0.52078915  1.4790171
  4.728      -1.368987   -0.79615605  0.6807378  -0.45428038 -2.9947243
 -1.04641    -6.780256   -1.8664234   5.8421426   1.048069    0.60159326
  4.4171057  -1.0130228  -0.8537934   0.64144886 -0.950581   -5.5197115
 -4.014717    3.0281959  -2.6445608   1.7569671  -1.0270585   6.0082593
 -2.6407104  -0.7373717   2.9424365   0.6786116  -0.47902256 -1.0143392
 -1.8873265   0.3167312  -0.12348879 -1.6806064   0.7485311   0.26149797
  3.9438963  -2.2862966  -0.59205055  1.650135    4.138482   -0.07175723
  0.677518   -1.5776361  -0.07758018  1.4952464  -2.7120101   2.6547728
  1.2362865   0.5017626  -1.5873492   0.8318949  -3.2335615   0.7749671
 -1.8592952   1.1882179  -4.999164   -2.781382   -1.0478374   1.4318309
 -8.387077   -0.58587724  0.88138777  5.407702   -3.3849041  -1.4527534
 -0.4001708  -2.1977398   2.9183788  -1.237059   -1.9358202  -0.31826344
 -0.5566768   0.6569223   4.2925506   2.8649318   1.2287527   0.6695237
  5.18961     3.12629     2.5610042  -4.23781    -0.2425791  -0.02196229
 -0.19433999 -0.40611807  2.377738    0.8398714  -0.9640621  -0.45425522
 -2.0294106   1.1268274   0.44945288  1.5081301  -0.6065245   1.2448943
  1.4275194  -4.3566732   3.0262074  -1.3290058   0.21407376 -0.15204206
  0.76720154  3.1977274  -1.2499622  -0.88986295 -3.7229786   2.697025
  6.020873   -0.50072265  1.624879    2.666253   -2.2727206  -0.32885408
  3.515462   -0.4073639 ]",0
47,77.62043795620438,33.74452554744526,72,27,12,14,137,0.8571428571428571,0.8154761904761905,0.6563266636764982,1847.3031005859375,19211.071024063043,1.6870429105172473,228.8155697104439,1.7608523562935348,2.970633484152598,4.146807299071274,6.995841855179368,5.571324577125321,30.128182644983223,0.9601541512331541,11.841739559544477,908928.0,6059519.999999999,90892.79999999999,64533.88799999999,"[ 2.0140502  -4.3887835   1.5160283  -4.0947366  -0.50949544  0.11324784
  0.11081782  2.4076679   2.5444975   0.5512962   0.52113724  1.4785303
  4.7330794  -1.3684974  -0.7978784   0.6842529  -0.45370167 -2.993997
 -1.0467857  -6.7791524  -1.868091    5.842361    1.0460547   0.6013221
  4.4164314  -1.0129318  -0.8537259   0.64537895 -0.95135206 -5.508992
 -4.0126143   3.026608   -2.6331031   1.7589446  -1.0253747   6.0076394
 -2.6404383  -0.732496    2.9413676   0.67778164 -0.47797963 -1.0149803
 -1.8870378   0.3171575  -0.12510431 -1.672589    0.74815     0.26056767
  3.941994   -2.286001   -0.5891006   1.6503922   4.1318884  -0.07092262
  0.6804304  -1.5777026  -0.07489464  1.4921165  -2.709106    2.6556065
  1.2350179   0.5110137  -1.5913694   0.8339226  -3.2329333   0.78344405
 -1.8590614   1.1889921  -5.0014563  -2.779921   -1.0479195   1.4310799
 -8.394561   -0.58608824  0.87997144  5.407964   -3.3834376  -1.4521866
 -0.4003263  -2.196918    2.9212365  -1.233072   -1.9348148  -0.3188149
 -0.55744964  0.6568789   4.292666    2.8645191   1.2284501   0.6707752
  5.1893935   3.126083    2.5616753  -4.2383394  -0.24299613 -0.02036513
 -0.192958   -0.39892617  2.3702157   0.84017015 -0.96274745 -0.44963622
 -2.0290244   1.1232649   0.44771063  1.508202   -0.6053779   1.2451673
  1.4199746  -4.354934    3.0251598  -1.3295611   0.21253632 -0.15278938
  0.7678236   3.1980784  -1.2498635  -0.89236444 -3.7200785   2.700415
  6.0213194  -0.4992883   1.623789    2.6662774  -2.2737615  -0.32905757
  3.5155168  -0.40741903]",0
48,76.90683229813665,31.46583850931677,70,24,14,16,161,0.875,0.71875,0.5704004376300781,2333.205810546875,24309.938466475367,1.6092756365046572,216.20217179991496,1.9914774252659082,3.2048361011294504,4.689929336501214,7.547389018159856,6.118659177330535,29.38224041142388,0.9528695120588427,12.287937443854059,753808.0,5025386.666666667,75380.8,53520.367999999995,"[ 2.0137353  -4.3864427   1.5152245  -4.0967317  -0.51730317  0.11576253
  0.11078021  2.4066176   2.5428734   0.55545086  0.5201199   1.4776053
  4.7310853  -1.3691533  -0.7982371   0.686158   -0.45185202 -2.9922476
 -1.0472306  -6.776551   -1.8670071   5.841616    1.0370396   0.60104537
  4.4153476  -1.0127934  -0.853554    0.636932   -0.9439053  -5.5087876
 -4.00946     3.0260606  -2.6407545   1.7581468  -1.0201882   6.006247
 -2.6379392  -0.732692    2.9374304   0.67766124 -0.47748482 -1.0108238
 -1.8855724   0.3182698  -0.12664413 -1.6717857   0.7474017   0.25505543
  3.9407938  -2.286452   -0.5895076   1.6498996   4.13526    -0.07145932
  0.6661053  -1.5763775  -0.0702022   1.500812   -2.708657    2.6533914
  1.2315773   0.5106734  -1.5902768   0.83559155 -3.2326236   0.7826556
 -1.8568217   1.1894484  -4.997997   -2.7863052  -1.0470965   1.4307942
 -8.385025   -0.587188    0.8801541   5.406689   -3.3818505  -1.4513665
 -0.40041175 -2.1964285   2.9164655  -1.2345027  -1.9316474  -0.31690684
 -0.5561902   0.6576349   4.293882    2.863433    1.2287018   0.67144144
  5.1886163   3.1248055   2.5600033  -4.238105   -0.24270985 -0.02163471
 -0.19482028 -0.4030533   2.36449     0.8401474  -0.9631411  -0.44406354
 -2.0278866   1.1232408   0.4454391   1.50737    -0.6060122   1.2453016
  1.4146141  -4.3524117   3.025735   -1.3278008   0.21296464 -0.15136865
  0.7671068   3.197284   -1.2500385  -0.89428204 -3.7178893   2.699367
  6.019962   -0.4984325   1.6199762   2.6651607  -2.2738464  -0.32870966
  3.5155795  -0.40789306]",0
49,76.45517241379311,31.26896551724138,70,24,13,15,145,0.8666666666666667,0.7435897435897436,0.676408412183014,2264.864990234375,21214.61670884161,1.9636226097859844,201.08124231987136,1.6605503429339925,3.2606941980730575,3.910596057609552,7.678934836462051,5.794765447035801,34.280252792350126,0.9470185443262229,12.09577204812851,826808.0,5512053.333333334,82680.8,58703.367999999995,"[ 2.0157418  -4.3867016   1.5155448  -4.093178   -0.51400775  0.11596471
  0.11147431  2.4071174   2.5441647   0.5595711   0.52041054  1.4781269
  4.7355924  -1.3688734  -0.79718626  0.6856763  -0.45317382 -2.9928594
 -1.047529   -6.778416   -1.8667979   5.842925    1.0390898   0.6012982
  4.4176636  -1.0125129  -0.85372615  0.64073145 -0.94609326 -5.510817
 -4.011014    3.0263758  -2.640725    1.757239   -1.0238954   6.008023
 -2.6386578  -0.7317486   2.9389715   0.6782983  -0.47805864 -1.012468
 -1.886023    0.31741524 -0.12541342 -1.6724869   0.74714315  0.25784492
  3.9421105  -2.2867372  -0.59033287  1.6504034   4.130116   -0.07099212
  0.67399704 -1.5770731  -0.07266757  1.4948025  -2.7101624   2.6545193
  1.2323337   0.5079291  -1.5916343   0.8398948  -3.2332313   0.7851896
 -1.858343    1.1891723  -5.001396   -2.784493   -1.0484295   1.4318508
 -8.391792   -0.58658093  0.88038033  5.407491   -3.3832366  -1.4526294
 -0.39998186 -2.196667    2.9166236  -1.2323632  -1.9323691  -0.31847695
 -0.5574179   0.6572685   4.2966576   2.8649669   1.2287748   0.67021954
  5.189629    3.126276    2.560882   -4.2378182  -0.24249205 -0.02136505
 -0.19333279 -0.40326563  2.369851    0.84034276 -0.964033   -0.44602036
 -2.0276804   1.1268224   0.44699407  1.5086216  -0.6054945   1.2451128
  1.4205459  -4.3536663   3.0264728  -1.3291775   0.21787344 -0.1513404
  0.7679133   3.1989672  -1.2503157  -0.8910262  -3.7190938   2.7005687
  6.01903    -0.5010897   1.6214737   2.6655886  -2.2741058  -0.32825136
  3.5154102  -0.4079479 ]",0
50,78.75333333333333,33.4,73,26,12,15,150,0.8,0.8333333333333334,0.6412415994898105,2287.638427734375,36264.941700712174,1.8039491232377718,216.195391179298,1.7654806486138466,3.184837268160201,4.157706927485608,7.5002917665172735,5.8289993470014405,40.806041460777976,0.9257674191473653,15.548835261997851,655872.0,4372480.0,65587.2,46566.912,"[ 2.01233    -4.388332    1.516008   -4.096453   -0.5164935   0.11609194
  0.11066464  2.4070356   2.5436258   0.5586142   0.5202081   1.4787358
  4.734497   -1.3691998  -0.80050576  0.6880505  -0.4519562  -2.992601
 -1.0484594  -6.7770715  -1.8663967   5.842773    1.0390714   0.6016286
  4.416843   -1.0118713  -0.85323083  0.6396352  -0.9451248  -5.509859
 -4.011534    3.0264015  -2.6388614   1.7591087  -1.0199764   6.006657
 -2.6393728  -0.73122096  2.939415    0.6771865  -0.47785497 -1.0082859
 -1.8864384   0.31819826 -0.12693286 -1.6682285   0.74777627  0.25681782
  3.9411128  -2.2869897  -0.58852375  1.6502278   4.130302   -0.07126299
  0.6671059  -1.5772191  -0.07038793  1.4990096  -2.709806    2.654023
  1.2324262   0.51293427 -1.5907177   0.8376869  -3.2326791   0.78287137
 -1.8569723   1.1901774  -5.001018   -2.7841177  -1.0477184   1.4320643
 -8.391745   -0.5865068   0.8798055   5.4070506  -3.3833003  -1.451151
 -0.400249   -2.1960952   2.915851   -1.233029   -1.9325873  -0.3178604
 -0.55685085  0.6575108   4.2954063   2.8640432   1.2284636   0.6719272
  5.1877503   3.1258945   2.560537   -4.2422123  -0.24270162 -0.02112973
 -0.1945976  -0.3972253   2.3603568   0.8396225  -0.96310437 -0.4431485
 -2.0291686   1.123314    0.44428575  1.5080743  -0.6054564   1.245298
  1.4145797  -4.353309    3.0263352  -1.32941     0.21565156 -0.15141168
  0.7676821   3.1980984  -1.2502216  -0.89418954 -3.7177374   2.70233
  6.0197787  -0.5002072   1.6193744   2.665665   -2.275506   -0.32835025
  3.5152826  -0.40778786]",0
51,76.79432624113475,32.829787234042556,71,26,13,15,141,0.8666666666666667,0.7230769230769231,0.6614017767946917,2199.611572265625,23354.054243296174,1.5443138660084033,221.66797135607317,2.0291687367130278,3.1336734165766837,4.7786923749591805,7.37980089603809,6.079246635498635,32.54590055633684,0.9517295998131063,12.869793719325381,551160.0,3674399.9999999995,55115.99999999999,39132.35999999999,"[ 2.018046   -4.3814397   1.5133499  -4.1008387  -0.5179896   0.11486337
  0.11072174  2.4083993   2.5428562   0.5499446   0.5189843   1.4801534
  4.7305894  -1.3694363  -0.8043139   0.68908656 -0.45165688 -2.9925547
 -1.0489743  -6.780041   -1.8679299   5.8431454   1.0334545   0.60151166
  4.414833   -1.0128149  -0.8538623   0.63110626 -0.93511575 -5.524982
 -4.0108976   3.0278249  -2.6464396   1.759372   -1.0205493   6.00681
 -2.641821   -0.72643137  2.9421377   0.6774845  -0.4782392  -1.005237
 -1.8867218   0.31895268 -0.12692213 -1.6701809   0.7488977   0.2603755
  3.9430077  -2.28729    -0.5906893   1.6492391   4.140792   -0.07192855
  0.6646571  -1.5754905  -0.07121381  1.510056   -2.7099934   2.6525097
  1.2305933   0.5111127  -1.5915248   0.83304644 -3.2327056   0.7797917
 -1.8521708   1.190147   -5.0055585  -2.7795053  -1.0475035   1.4305859
 -8.385916   -0.58601546  0.8806159   5.408727   -3.3845713  -1.4510521
 -0.40060157 -2.19811     2.913904   -1.2306341  -1.9319984  -0.31678703
 -0.5553619   0.65846884  4.299988    2.8644476   1.2298636   0.6724405
  5.19107     3.1264272   2.5598304  -4.2355595  -0.24294591 -0.02143849
 -0.19748855 -0.40423957  2.361695    0.83848214 -0.9642192  -0.44321907
 -2.029304    1.1241058   0.4461727   1.5077618  -0.6056374   1.244708
  1.4111339  -4.3511486   3.026744   -1.3278527   0.2094271  -0.15002409
  0.7665669   3.1989431  -1.2515963  -0.89360183 -3.7186358   2.7026584
  6.0214815  -0.50183725  1.6210643   2.6643603  -2.2754135  -0.32791758
  3.5172246  -0.4074633 ]",0
52,77.11267605633803,32.429577464788736,71,26,13,14,142,0.9285714285714286,0.7802197802197802,0.662205997225956,2182.354248046875,17882.391083487717,1.7455322755726264,217.56396553008256,1.78360584450138,3.11334156847713,4.20039176380075,7.331919393763641,5.766155578782196,27.110346561750006,0.9607583938409775,11.221957564251309,708720.0,4724800.0,70872.0,50319.119999999995,"[ 2.010036   -4.3907185   1.5135839  -4.098082   -0.5142581   0.11583507
  0.11087665  2.4064443   2.5432818   0.5575444   0.5182197   1.4779326
  4.733152   -1.3690598  -0.79807246  0.6885196  -0.4530923  -2.99195
 -1.0453992  -6.7765784  -1.8676038   5.8429084   1.035226    0.59927833
  4.414262   -1.0095278  -0.85321164  0.6400813  -0.9417586  -5.504119
 -4.009327    3.0238087  -2.6366804   1.7579043  -1.0217749   6.006177
 -2.6391184  -0.73202014  2.9386458   0.6757667  -0.4772068  -1.0097643
 -1.8849709   0.31803495 -0.12686217 -1.6640354   0.7453679   0.25364923
  3.9407716  -2.286318   -0.58537555  1.6501925   4.1275206  -0.07107317
  0.67005634 -1.5772333  -0.0687581   1.4968257  -2.7057855   2.654187
  1.2301918   0.5152112  -1.5924346   0.83529186 -3.2328613   0.79091763
 -1.8564891   1.1902559  -5.0027657  -2.7861037  -1.0477906   1.429008
 -8.391339   -0.58754706  0.87873966  5.4064445  -3.3817255  -1.4512308
 -0.4003654  -2.1932664   2.9156518  -1.2314404  -1.9314675  -0.31804004
 -0.55684924  0.6573869   4.300203    2.8641593   1.2284874   0.66974676
  5.1870885   3.126417    2.5604308  -4.241122   -0.24212158 -0.01965011
 -0.19115698 -0.39759585  2.3603768   0.8396511  -0.96277535 -0.4397807
 -2.0277874   1.1240638   0.4441166   1.5084304  -0.60509324  1.2456219
  1.4117026  -4.3513465   3.025411   -1.3306912   0.21454088 -0.15143642
  0.7678536   3.1979783  -1.2501731  -0.89543504 -3.7169185   2.7024362
  6.0215464  -0.49719915  1.6201218   2.665702   -2.27376    -0.3283738
  3.5144775  -0.40865552]",0
53,77.9921875,32.6484375,72,26,12,14,128,0.8571428571428571,0.7619047619047619,0.5980642560462,1821.9830322265625,14394.417530283692,1.6461394742165634,211.69983411445224,1.7075008497493736,2.810784551030769,4.021164501159775,6.6193976176774605,5.320281059418617,35.9212531130427,0.9625320885684507,10.604545579860616,708928.0,4726186.666666667,70892.8,50333.888,"[ 2.0140743  -4.3854485   1.5181664  -4.0974307  -0.5154769   0.11713573
  0.10998723  2.4094326   2.5431113   0.550504    0.519258    1.4804159
  4.7322726  -1.3691422  -0.7998798   0.6822582  -0.45360366 -2.9930203
 -1.0468394  -6.7818823  -1.8678874   5.8430033   1.0471593   0.60217726
  4.4185963  -1.0139939  -0.8543595   0.6400553  -0.9488706  -5.5133286
 -4.0109386   3.0289657  -2.6420965   1.7590172  -1.0198151   6.006697
 -2.63997    -0.73231673  2.94346     0.6785186  -0.47741666 -1.0126771
 -1.8875344   0.31779325 -0.12647343 -1.6770519   0.748142    0.26210403
  3.9442892  -2.288305   -0.59121644  1.6500347   4.1395254  -0.07146261
  0.6708405  -1.5767984  -0.07041118  1.5002624  -2.7109478   2.6535091
  1.232331    0.507445   -1.590542    0.8353952  -3.23293     0.77746665
 -1.861766    1.1885641  -5.0018344  -2.7787457  -1.0475092   1.4309189
 -8.388795   -0.5867242   0.8825168   5.410281   -3.3853533  -1.4508966
 -0.40022302 -2.1977394   2.9185581  -1.238072   -1.9364984  -0.31713846
 -0.55640626  0.65817064  4.2915626   2.8639393   1.2288343   0.67018116
  5.1915884   3.1255188   2.5600512  -4.2402463  -0.24288216 -0.02277411
 -0.19417131 -0.40400758  2.3695157   0.8383019  -0.9648651  -0.4475912
 -2.0281527   1.1281725   0.44693327  1.5075445  -0.60617125  1.2452595
  1.4216917  -4.3568807   3.0252538  -1.327232    0.2124319  -0.15167704
  0.7668447   3.1981955  -1.2508119  -0.892559   -3.7222118   2.6975803
  6.0269837  -0.4975393   1.6220516   2.6653922  -2.2765443  -0.32898217
  3.5162752  -0.40760654]",0
54,75.59504132231405,30.776859504132233,70,24,12,14,121,0.8571428571428571,0.7202380952380952,0.59463835794051,2203.597900390625,13510.388137134854,1.5695448174898972,222.0773809798798,1.8270383237895584,2.86761853245933,4.30267525252441,6.753241643941722,5.527958448233067,30.75217606763087,0.9670330388829748,10.56674501948919,659008.0,4393386.666666667,65900.8,46789.568,"[ 2.0161564  -4.385844    1.5140156  -4.0955663  -0.5156762   0.1161685
  0.11068889  2.4078767   2.5429313   0.55022305  0.5181055   1.4795054
  4.7288857  -1.3695309  -0.79895616  0.6852947  -0.45185483 -2.9925256
 -1.0475049  -6.7785077  -1.8660014   5.842578    1.0396079   0.6022821
  4.4175243  -1.0133079  -0.8535627   0.6387886  -0.9432382  -5.514355
 -4.0110664   3.0279613  -2.6429846   1.7573911  -1.0235759   6.00667
 -2.6387346  -0.7335098   2.940839    0.67822844 -0.47812858 -1.0091332
 -1.8863447   0.31822395 -0.1253376  -1.6723382   0.7479285   0.2588024
  3.9429712  -2.2874138  -0.5911671   1.6499304   4.1358547  -0.07179276
  0.6702237  -1.576423   -0.07232353  1.500746   -2.710174    2.653315
  1.2321851   0.50884676 -1.5883901   0.83547235 -3.2328718   0.7784108
 -1.8573581   1.1882875  -4.9983354  -2.782207   -1.0478312   1.4315927
 -8.387227   -0.5866429   0.8812105   5.4078727  -3.3840375  -1.4512837
 -0.40035826 -2.1971114   2.9150417  -1.2336442  -1.9333106  -0.31705025
 -0.5559911   0.6580015   4.2950816   2.8640208   1.2288116   0.6723558
  5.1895146   3.1251774   2.559855   -4.2375245  -0.24266174 -0.02286471
 -0.19380271 -0.40359023  2.3673053   0.8390492  -0.9645654  -0.44563973
 -2.0282724   1.123886    0.44555283  1.5078121  -0.60609883  1.2448425
  1.4193082  -4.3546395   3.0262823  -1.3274771   0.21307318 -0.15079942
  0.7672626   3.1978056  -1.2508786  -0.89099497 -3.7198567   2.7001176
  6.0189734  -0.4998462   1.6203357   2.6650517  -2.2750366  -0.32835186
  3.5156     -0.40788418]",0
55,76.4,31.081481481481482,71,24,12,15,135,0.8,0.75,0.6689985069484491,1846.5521240234375,13281.2954685199,1.6403352246037166,227.90397764256542,1.7669345774347966,2.89836502693658,4.161130929858946,6.825649638435646,5.493390284147296,29.57767529119785,0.9713936821775041,9.91866757349397,896768.0,5978453.333333333,89676.79999999999,63670.52799999999,"[ 2.0100884  -4.3896112   1.5137184  -4.0964737  -0.5091042   0.11118335
  0.11060646  2.4071653   2.5466459   0.5561971   0.5196712   1.4778981
  4.731391   -1.3684537  -0.7983395   0.6879572  -0.452815   -2.99498
 -1.0463674  -6.77949    -1.8693128   5.8433204   1.0434885   0.60157824
  4.4146385  -1.0123694  -0.8520646   0.64477    -0.9471151  -5.507059
 -4.0138073   3.024629   -2.627287    1.7609677  -1.0317184   6.008249
 -2.6412036  -0.73444796  2.940473    0.67723405 -0.47757122 -1.0124933
 -1.8880448   0.31712633 -0.12701654 -1.6635984   0.7480694   0.25456238
  3.93996    -2.286114   -0.58482623  1.6508812   4.1251736  -0.07044332
  0.67992353 -1.5793378  -0.07334182  1.4906175  -2.7075353   2.6572235
  1.2346201   0.52088994 -1.5915123   0.83446455 -3.233227    0.7867551
 -1.8602432   1.1923623  -5.002062   -2.78449    -1.0486834   1.4265926
 -8.39857    -0.58575493  0.8777363   5.407571   -3.3817413  -1.4528054
 -0.40013963 -2.1934466   2.9202836  -1.2287377  -1.9353466  -0.32077518
 -0.55900335  0.65604156  4.3069444   2.865379    1.2273893   0.6691276
  5.189422    3.127591    2.5629394  -4.244521   -0.24238434 -0.01853669
 -0.19126666 -0.39101914  2.3658803   0.8405522  -0.9605726  -0.44574976
 -2.0286317   1.1203336   0.4471128   1.5097288  -0.604518    1.2448575
  1.4162078  -4.3534403   3.0239892  -1.3330463   0.21679913 -0.15333095
  0.7695113   3.200174   -1.249353   -0.89516896 -3.716749    2.7093952
  6.024625   -0.49721494  1.62529     2.6676695  -2.272104   -0.32842755
  3.51464    -0.40772802]",0
56,75.39166666666667,32.1,70,26,12,13,120,0.9230769230769231,0.7692307692307693,0.6225609860475583,1769.6151123046875,11771.251646528584,1.6036079828612542,225.76066862691803,1.820064567188581,2.918670069266522,4.286252055729108,6.873468013122659,5.5798600344258835,26.255630122479193,0.9718616613933457,9.90422958745765,721552.0,4810346.666666667,72155.2,51230.191999999995,"[ 2.0087135  -4.383929    1.5156528  -4.0951324  -0.5114834   0.11515546
  0.11039403  2.4075139   2.545529    0.5569462   0.5186796   1.4774235
  4.729854   -1.3683028  -0.8006488   0.68598753 -0.45315987 -2.994009
 -1.0468378  -6.779603   -1.869663    5.8423014   1.042836    0.60106313
  4.416436   -1.0143236  -0.8526418   0.64256346 -0.9496946  -5.5071707
 -4.0117817   3.0257041  -2.6304266   1.7606394  -1.0250269   6.007154
 -2.638849   -0.7310636   2.9390793   0.6775239  -0.47653407 -1.0103908
 -1.8873372   0.31786823 -0.12698317 -1.6668515   0.7478882   0.25598383
  3.939906   -2.28639    -0.5872717   1.650372    4.126699   -0.07072552
  0.67253184 -1.5780344  -0.07012889  1.4953554  -2.7083006   2.6558254
  1.2337732   0.51574045 -1.5908977   0.8353921  -3.2327888   0.78402364
 -1.8607718   1.1891713  -5.0009274  -2.783801   -1.0478656   1.4270489
 -8.388326   -0.58657074  0.8791819   5.4082966  -3.3818777  -1.4521855
 -0.40017647 -2.1951015   2.9181905  -1.2314347  -1.93408    -0.31902185
 -0.5579966   0.65649945  4.301573    2.8641536   1.2278535   0.66899955
  5.1914735   3.1262274   2.562141   -4.24165    -0.24281487 -0.02202261
 -0.19396842 -0.39255276  2.3631558   0.8405669  -0.96153414 -0.44791543
 -2.0274374   1.1226281   0.44675446  1.5085236  -0.60519975  1.2450116
  1.4161376  -4.3532953   3.0241673  -1.3292843   0.21573071 -0.15262297
  0.7686211   3.1995823  -1.2490757  -0.8949205  -3.7172923   2.703897
  6.024153   -0.4959921   1.6235272   2.666919   -2.2724931  -0.32864618
  3.5162475  -0.40751654]",0
57,73.30578512396694,30.388429752066116,68,24,12,14,121,0.8571428571428571,0.7202380952380952,0.724273634635384,1844.6539306640625,20208.381023931073,1.9749632279240443,220.84019572654472,1.6710205251592445,3.3002040902958334,3.9352533367500206,7.771980632646687,5.853616984698354,22.36476064851069,0.9515193995852317,12.92328957428866,710432.0,4736213.333333333,71043.2,50440.672,"[ 2.0132284  -4.3920717   1.5140859  -4.094526   -0.51303595  0.11442477
  0.11084917  2.4067657   2.5444953   0.55411834  0.51936793  1.4785181
  4.7332273  -1.3692353  -0.7994878   0.68780667 -0.45124072 -2.9930084
 -1.0481563  -6.777202   -1.8661082   5.8427644   1.039648    0.6005682
  4.416216   -1.0114894  -0.85268366  0.64169157 -0.9437887  -5.5110855
 -4.012454    3.0257926  -2.6357934   1.7581229  -1.0258541   6.0070906
 -2.6393063  -0.7324338   2.9398293   0.67649233 -0.47804013 -1.0096563
 -1.8861566   0.31793833 -0.12511873 -1.6664187   0.7471577   0.26099443
  3.941089   -2.2866747  -0.5881157   1.6504174   4.1287284  -0.07118761
  0.6767571  -1.5779501  -0.07399198  1.4952176  -2.709748    2.6548758
  1.2336302   0.51391786 -1.5908084   0.8394867  -3.2327468   0.78419065
 -1.8552378   1.1888962  -4.99985    -2.783999   -1.0481913   1.4300946
 -8.396027   -0.5862556   0.8790148   5.406821   -3.3833938  -1.4516482
 -0.400383   -2.1953762   2.9164786  -1.2300297  -1.9323131  -0.3187348
 -0.5573233   0.6572356   4.2985034   2.8642552   1.2280383   0.67227244
  5.1880493   3.1266322   2.5611138  -4.2414675  -0.2425062  -0.02170671
 -0.19401169 -0.39647248  2.3643486   0.8400724  -0.9629463  -0.44456995
 -2.0292323   1.1199051   0.44407248  1.5084541  -0.6052493   1.2452022
  1.4171675  -4.353037    3.0265028  -1.330022    0.21566688 -0.15192267
  0.7682886   3.1982276  -1.2499803  -0.89283794 -3.717114    2.70514
  6.0189605  -0.5019398   1.6202959   2.6662295  -2.274437   -0.32835656
  3.5151036  -0.40789157]",0
58,74.14285714285714,31.92517006802721,68,25,13,15,147,0.8666666666666667,0.7538461538461538,0.7159751833413328,1531.3070068359375,20405.420371559398,1.8558109180094196,210.3389706777181,1.6655776864590772,3.090997255323625,3.922435451611127,7.279298536287137,5.600866993949132,32.06707769257915,0.9527026337070629,11.781866723062008,991984.0,6613226.666666665,99198.39999999998,70430.86399999999,"[ 2.0104933  -4.3931      1.5165874  -4.0976334  -0.5160715   0.11513582
  0.11153981  2.406744    2.545701    0.551408    0.52126694  1.4778908
  4.734738   -1.3692739  -0.80129826  0.6784568  -0.45207554 -2.993874
 -1.0453014  -6.7790685  -1.8686957   5.8423896   1.0472457   0.6000184
  4.4179564  -1.0129825  -0.8534094   0.6468226  -0.94923776 -5.5091376
 -4.0103135   3.025095   -2.6378615   1.7567563  -1.0233868   6.0084376
 -2.6385443  -0.730526    2.9404914   0.67903364 -0.47819486 -1.0086075
 -1.8869383   0.31690574 -0.12481249 -1.6741104   0.7447591   0.26508093
  3.9412973  -2.2850945  -0.58807945  1.6506997   4.1305814  -0.07159641
  0.67988443 -1.5785512  -0.07426223  1.4933119  -2.7091503   2.6552658
  1.2322397   0.5130183  -1.5932603   0.8362143  -3.2328446   0.77959514
 -1.8576227   1.1920847  -5.003781   -2.7780485  -1.0486697   1.4309239
 -8.402256   -0.5860592   0.8798143   5.407702   -3.3831885  -1.4531847
 -0.40051922 -2.1957352   2.91868    -1.2352711  -1.9327033  -0.31923798
 -0.5579109   0.65648174  4.294004    2.8649414   1.2283399   0.66920686
  5.1923194   3.1270685   2.561391   -4.2440577  -0.2426267  -0.01898707
 -0.19330204 -0.39568737  2.3663118   0.84047353 -0.96344197 -0.4449855
 -2.0275004   1.121579    0.44525468  1.5087029  -0.6048011   1.2454071
  1.4262486  -4.3516464   3.02525    -1.3306025   0.21120606 -0.15244451
  0.7678442   3.199959   -1.2499745  -0.894849   -3.7204866   2.7029045
  6.0288     -0.4991075   1.6225108   2.6668077  -2.2739007  -0.3286972
  3.5157619  -0.4078576 ]",0
59,73.32484076433121,33.038216560509554,67,26,13,15,157,0.8666666666666667,0.8051282051282052,0.6410762524754953,2132.232666015625,24675.070637005272,1.757018431125909,209.92375779947884,1.9185591430385813,3.3709437755239167,4.518206781855859,7.938572591358824,6.228389686607342,33.37768283202407,0.9488221388822882,12.536588651334638,775888.0,5172586.666666667,77588.8,55088.047999999995,"[ 2.0121741  -4.3905606   1.5142082  -4.0967946  -0.5156495   0.11355746
  0.11057559  2.4068847   2.5422196   0.555015    0.52038026  1.4795002
  4.7340083  -1.3691908  -0.8016441   0.6883517  -0.45107675 -2.9920578
 -1.0470545  -6.7770185  -1.8663268   5.8422804   1.0371387   0.5997045
  4.4165792  -1.010931   -0.8534826   0.6378275  -0.9419159  -5.5142913
 -4.009589    3.0262654  -2.6375911   1.7576445  -1.018302    6.005578
 -2.6397913  -0.7265816   2.9417152   0.6769694  -0.47793067 -1.0080004
 -1.8856404   0.3185404  -0.12517858 -1.6698474   0.7456558   0.2608819
  3.9420002  -2.2861571  -0.5893501   1.6496615   4.135494   -0.07173578
  0.6686368  -1.5762211  -0.07145426  1.5061219  -2.708837    2.6533704
  1.2319981   0.51083624 -1.5936514   0.8381914  -3.232249    0.7821981
 -1.8526367   1.1892738  -5.002946   -2.7856722  -1.0472609   1.4306709
 -8.390005   -0.58672315  0.88023514  5.4069633  -3.3836148  -1.4503403
 -0.40102032 -2.1973498   2.9135194  -1.2318624  -1.9315724  -0.31663588
 -0.5554071   0.65760154  4.2935934   2.8633962   1.229089    0.6736822
  5.1888595   3.1253119   2.5598276  -4.2399397  -0.24333814 -0.0216378
 -0.19243777 -0.3996658   2.3603683   0.8389591  -0.9643849  -0.44178748
 -2.028872    1.1208247   0.44285607  1.50716    -0.6055129   1.2452842
  1.4144462  -4.3513618   3.0256739  -1.3280283   0.20902137 -0.15120593
  0.76693773  3.1970627  -1.2506291  -0.8935594  -3.7176127   2.6981204
  6.0232115  -0.50133276  1.6181473   2.6649811  -2.2752936  -0.32872367
  3.5158389  -0.4075061 ]",0
60,72.00675675675676,31.12162162162162,66,24,13,15,148,0.8666666666666667,0.7589743589743589,0.7435739534264041,2136.219482421875,24666.687627325824,1.8864474147349362,215.28727486752325,1.767571038359819,3.3344298156742274,4.162629795337374,7.852582215912806,6.00760600562509,31.71579415778171,0.9478095562292432,12.909949972511205,645856.0,4305706.666666667,64585.6,45855.776,"[ 2.0101388  -4.385736    1.5157489  -4.098221   -0.51556104  0.11604473
  0.11114123  2.4063077   2.5438704   0.5603468   0.5194099   1.4772916
  4.733353   -1.3690616  -0.7994995   0.68876165 -0.45314837 -2.9918995
 -1.0467176  -6.776793   -1.8678684   5.842474    1.0344108   0.5986382
  4.4141884  -1.0099033  -0.8532753   0.6374248  -0.94192165 -5.507142
 -4.009275    3.0239773  -2.6397226   1.758043   -1.0186266   6.006539
 -2.638852   -0.73212194  2.9375446   0.6759861  -0.47723264 -1.0087754
 -1.8848981   0.31809634 -0.12696922 -1.6658168   0.745859    0.25393152
  3.9401834  -2.2859652  -0.58608747  1.6501019   4.126351   -0.0713179
  0.664099   -1.5770483  -0.06861016  1.4988912  -2.707316    2.6538372
  1.2303494   0.513617   -1.59283     0.8365166  -3.232699    0.78760135
 -1.856038    1.1899602  -5.0029993  -2.7856784  -1.0479214   1.4299929
 -8.387435   -0.5873597   0.8788524   5.4065576  -3.3820298  -1.4517064
 -0.40012807 -2.194168    2.915081   -1.2331251  -1.9304694  -0.3180286
 -0.55699915  0.65730107  4.2982917   2.8641505   1.228812    0.6691909
  5.1882167   3.1266298   2.5605516  -4.240822   -0.24228525 -0.02056802
 -0.1936301  -0.39765343  2.358924    0.84015584 -0.96266663 -0.4409243
 -2.0279446   1.1256174   0.44406164  1.5082659  -0.60531765  1.2455647
  1.4107835  -4.3503027   3.0262737  -1.3300985   0.21567701 -0.15092501
  0.7677321   3.1985457  -1.2498596  -0.8964514  -3.716879    2.7016952
  6.0217466  -0.4986485   1.6196195   2.665679   -2.2736387  -0.32806343
  3.5153449  -0.40835524]",0
61,73.79432624113475,33.57446808510638,68,27,13,14,141,0.9285714285714286,0.7747252747252747,0.6563025418465301,1841.93603515625,18304.997312549043,1.639317650544735,230.68688712844067,1.8073424972738683,2.9628084563606523,4.25629158107996,6.977413914729336,5.616852747904648,29.850683683944446,0.9636432873786425,11.393975424562102,771200.0,5141333.333333334,77120.0,54755.2,"[ 2.0156574  -4.386741    1.5182468  -4.0944057  -0.5112259   0.11363676
  0.11157557  2.407423    2.5436013   0.5524176   0.5196166   1.4789635
  4.7374225  -1.3690543  -0.79823565  0.68547076 -0.45306885 -2.9933527
 -1.0454571  -6.779286   -1.8662506   5.8421645   1.0402474   0.6007681
  4.417834   -1.0108812  -0.85382533  0.6380235  -0.94394916 -5.517209
 -4.011148    3.026638   -2.6404986   1.7553631  -1.0228559   6.0075936
 -2.6403852  -0.73065567  2.9427977   0.6786937  -0.47870052 -1.0121014
 -1.8859481   0.31681937 -0.12362052 -1.6756094   0.7452575   0.264493
  3.943621   -2.286114   -0.5908774   1.650016    4.137413   -0.07148003
  0.6759633  -1.57712    -0.07487628  1.5027977  -2.7094948   2.6543639
  1.23306     0.50577533 -1.5928167   0.8375317  -3.2331545   0.7839918
 -1.8572229   1.1899046  -5.0024476  -2.7858753  -1.047632    1.432009
 -8.38967    -0.58631605  0.8809318   5.407386   -3.384323   -1.4524521
 -0.40046537 -2.1969306   2.913486   -1.2344967  -1.9333283  -0.3175278
 -0.5566258   0.6569069   4.293036    2.8647795   1.22891     0.6693715
  5.189755    3.12654     2.5602438  -4.236076   -0.24226344 -0.0202669
 -0.1888783  -0.404412    2.3709445   0.8398329  -0.9649569  -0.44600582
 -2.0276546   1.1288797   0.447837    1.5080551  -0.6060495   1.2453296
  1.4231915  -4.3539944   3.0255992  -1.3291162   0.21408372 -0.15199766
  0.7671346   3.198211   -1.2504519  -0.8898551  -3.7207873   2.6952972
  6.02467    -0.5011157   1.6226496   2.6656516  -2.2733257  -0.32875878
  3.5147707  -0.40764755]",0
62,73.32608695652173,32.42028985507246,67,26,13,14,138,0.9285714285714286,0.7582417582417582,0.5927297882933942,1728.102294921875,19145.536585057576,1.405894810626325,216.93315270899262,2.1253254659346497,2.9879840434495,5.0051414722761,7.036702422323573,6.020921947299836,35.42124760588394,0.9575131776319956,11.77861504403169,752800.0,5018666.666666667,75280.0,53448.799999999996,"[ 2.0152333  -4.384983    1.515883   -4.0977335  -0.5170154   0.112391
  0.11125842  2.4069347   2.5424414   0.55363375  0.51977444  1.4791632
  4.734418   -1.3692926  -0.8022529   0.68518806 -0.45116788 -2.9926708
 -1.04659    -6.777087   -1.8667873   5.8421664   1.0364649   0.60159487
  4.4154825  -1.0117291  -0.8538517   0.63737524 -0.9398326  -5.517088
 -4.010637    3.026312   -2.6391656   1.7581434  -1.0230341   6.0065427
 -2.640435   -0.72604585  2.940565    0.6785833  -0.47866032 -1.0088323
 -1.8862699   0.3179412  -0.12676919 -1.672038    0.74639916  0.263062
  3.9423926  -2.2859411  -0.5896518   1.649852    4.1375074  -0.07163114
  0.67022836 -1.5763518  -0.07240102  1.5044646  -2.7082934   2.6536424
  1.2314276   0.5130434  -1.5915815   0.8343582  -3.2326946   0.7839738
 -1.8554283   1.1920946  -5.0017943  -2.782181   -1.0473845   1.4306992
 -8.391103   -0.58619255  0.87998194  5.406419   -3.3825738  -1.4513968
 -0.40078866 -2.196487    2.9149518  -1.2337672  -1.9323037  -0.317104
 -0.5559363   0.65751237  4.297298    2.8644216   1.2291117   0.67141974
  5.188605    3.12569     2.5599566  -4.2393274  -0.2427778  -0.01911486
 -0.19365168 -0.40182158  2.3647509   0.8393594  -0.9635669  -0.44198668
 -2.02851     1.1249825   0.4460497   1.5078434  -0.6051876   1.244958
  1.4158956  -4.3518915   3.0252619  -1.3295977   0.2105683  -0.15133265
  0.7668395   3.1977046  -1.2510542  -0.8932335  -3.7183173   2.700523
  6.0259094  -0.49998263  1.6209012   2.6648037  -2.2741573  -0.32851702
  3.5147703  -0.40773177]",0
63,72.78333333333333,31.833333333333332,67,26,12,13,120,0.9230769230769231,0.7692307692307693,0.6347042169300872,1634.921630859375,13531.596552525574,1.5853446137573193,242.08513481567516,1.7735370771311905,2.811667452528832,4.176679816643953,6.6214768507054,5.399078333674677,14.8790413971593,0.9715710637396394,10.61900676166937,971152.0,6474346.666666666,97115.19999999998,68951.79199999999,"[ 2.0194476  -4.3836184   1.5162109  -4.0914254  -0.507363    0.11447084
  0.11135474  2.4083486   2.544684    0.54766625  0.52333117  1.4793209
  4.7306046  -1.368865   -0.7963501   0.6777229  -0.45619744 -2.9947429
 -1.0462657  -6.77966    -1.8666612   5.8431926   1.0495824   0.6006813
  4.4177527  -1.0124462  -0.8543184   0.64428985 -0.95094913 -5.5216236
 -4.01485     3.0274007  -2.6501908   1.7562547  -1.0302837   6.0090833
 -2.6413639  -0.73527074  2.942646    0.67846125 -0.47931284 -1.0147606
 -1.8870149   0.3164035  -0.12327839 -1.684039    0.74694824  0.26407194
  3.9447057  -2.2855723  -0.5926912   1.6502903   4.134206   -0.07164643
  0.68457246 -1.5775938  -0.07912037  1.4879414  -2.7123425   2.655212
  1.2358081   0.4993846  -1.5895625   0.8309753  -3.2340486   0.7759061
 -1.8582727   1.1889138  -5.0024924  -2.7744915  -1.048404    1.4348319
 -8.393302   -0.58572704  0.8810993   5.4072056  -3.3847985  -1.4530946
 -0.4002356  -2.1982157   2.9195368  -1.2361428  -1.9350613  -0.31889763
 -0.5567108   0.6568991   4.295528    2.8657901   1.2290432   0.6683018
  5.1885505   3.1273437   2.5611713  -4.238324   -0.24261367 -0.01962865
 -0.19442558 -0.40869722  2.3830338   0.839731   -0.96490157 -0.45486963
 -2.0294743   1.1298774   0.4502523   1.508598   -0.60563755  1.2449675
  1.4335457  -4.3552976   3.0265052  -1.3303944   0.21639942 -0.15195355
  0.7671802   3.1978421  -1.2505109  -0.8889312  -3.7234807   2.6994379
  6.0202494  -0.5027213   1.6253146   2.6660135  -2.2733858  -0.32886177
  3.5153024  -0.4076509 ]",0
64,75.44827586206897,33.33620689655172,70,28,12,12,116,1.0,0.8055555555555556,0.5717721161328236,1404.84619140625,10968.473686205944,1.4172643606991115,226.1218246270809,1.8743924316409113,2.6565095913288093,4.414194176514346,6.256080087579345,5.335137132046846,20.083047800554947,0.9727622759444771,9.723981059201341,875504.0,5836693.333333333,87550.4,62160.78399999999,"[ 2.0126305  -4.387124    1.518283   -4.0955124  -0.5096738   0.11349609
  0.11099878  2.4079754   2.5458393   0.5461258   0.5202975   1.4784267
  4.7311215  -1.3687193  -0.7989532   0.6814638  -0.4537804  -2.9953744
 -1.0456753  -6.7809434  -1.8687191   5.842139    1.0491099   0.60177594
  4.4170914  -1.0136068  -0.8532711   0.64342725 -0.9512448  -5.515455
 -4.013848    3.0268688  -2.6365988   1.7586104  -1.026624    6.008516
 -2.6410904  -0.73244095  2.9423327   0.67907184 -0.47846374 -1.0119902
 -1.8882625   0.31660074 -0.1248355  -1.674975    0.7476548   0.2609105
  3.9422395  -2.285634   -0.5890944   1.6504097   4.138899   -0.07142188
  0.67977715 -1.578611   -0.0755882   1.4960122  -2.7098954   2.6559968
  1.2356192   0.51006854 -1.5901672   0.83210635 -3.2332113   0.77860117
 -1.8600663   1.1908655  -5.003158   -2.7807627  -1.0480253   1.4294161
 -8.393281   -0.58562785  0.8802648   5.4081326  -3.3836687  -1.4530722
 -0.40020996 -2.1962357   2.9184618  -1.2346867  -1.936272   -0.31913903
 -0.5576547   0.6561473   4.2958593   2.8650932   1.2283337   0.66823983
  5.1914744   3.1266756   2.562066   -4.241765   -0.24271879 -0.0199045
 -0.19260013 -0.39820334  2.3711412   0.8402097  -0.9624921  -0.45072663
 -2.0286033   1.1238238   0.44911802  1.5085126  -0.6058124   1.2448738
  1.4255255  -4.3552136   3.024642   -1.3303943   0.21250962 -0.15306619
  0.76784176  3.199259   -1.2494026  -0.8926119  -3.7213805   2.7008488
  6.0259147  -0.49783638  1.6262752   2.667125   -2.2720764  -0.32894176
  3.5155153  -0.40721118]",0
65,74.03669724770643,31.559633027522935,69,26,11,12,109,0.9166666666666666,0.8257575757575758,0.6073959194056895,1779.5023193359375,11233.00315803979,1.4394787279552976,234.9589494646602,1.8888077558958725,2.718898585809091,4.44814226513478,6.403006169580409,5.425574217357594,16.501795005769097,0.9726835311001856,10.151604545312123,699248.0,4661653.333333333,69924.79999999999,49646.60799999999,"[ 2.0125246  -4.3868937   1.5112153  -4.0965137  -0.50675076  0.10927239
  0.11102459  2.406041    2.5462189   0.5518146   0.52388716  1.4782747
  4.7337084  -1.3685844  -0.8012327   0.6920317  -0.45306578 -2.996081
 -1.0479999  -6.7763243  -1.8679824   5.843332    1.0388551   0.6017225
  4.4125934  -1.0106288  -0.8516209   0.6368841  -0.94138354 -5.5195894
 -4.0161304   3.0238936  -2.6338828   1.7611275  -1.0354291   6.0087466
 -2.6446862  -0.7354193   2.9406462   0.6768778  -0.47922087 -1.0107993
 -1.8879888   0.31727165 -0.12640119 -1.665541    0.7475153   0.25483656
  3.9398198  -2.284101   -0.58627605  1.6502849   4.128057   -0.07093409
  0.6812476  -1.5789108  -0.07823512  1.4958284  -2.7073634   2.6578357
  1.2369808   0.521717   -1.593521    0.8290993  -3.233652    0.78504634
 -1.8528126   1.1949537  -5.004765   -2.7864027  -1.0481158   1.4327734
 -8.400798   -0.5844473   0.8758078   5.4047713  -3.3807871  -1.4526916
 -0.40085864 -2.1949546   2.9183629  -1.2257997  -1.933996   -0.32031766
 -0.55767596  0.65550596  4.3100443   2.8661764   1.2278001   0.67021537
  5.1849823   3.1281826   2.5629246  -4.2432585  -0.24279654 -0.01381362
 -0.18983531 -0.39260808  2.36738     0.8406429  -0.96010673 -0.4459132
 -2.0309498   1.1201504   0.44850242  1.5097909  -0.60438734  1.2440716
  1.4176242  -4.350667    3.024712   -1.3351201   0.21783428 -0.1533319
  0.76905376  3.198817   -1.249545   -0.89475745 -3.7149847   2.7123148
  6.0205183  -0.5012126   1.6261877   2.6673694  -2.2709777  -0.3283913
  3.5140395  -0.40713602]",0
66,74.8,31.827272727272728,70,26,11,13,110,0.8461538461538461,0.7692307692307693,0.668502494042575,1611.7940673828125,11200.850019462949,1.5897092768601508,239.99074681756485,1.6919308458905538,2.6896781615180556,3.984497142072254,6.334192070375021,5.159344606223637,17.409620584825433,0.9736796884257476,10.090882482114486,982512.0,6550080.0,98251.2,69758.352,"[ 2.0132284  -4.3871026   1.5155324  -4.0916123  -0.5093989   0.1200105
  0.10983357  2.4086096   2.543791    0.54377407  0.52491546  1.4785345
  4.7282987  -1.368475   -0.7946725   0.67483896 -0.457689   -2.9940333
 -1.0467212  -6.7783546  -1.8684719   5.8418193   1.0534093   0.60072273
  4.4185486  -1.0147848  -0.85464144  0.64974463 -0.9602477  -5.5077763
 -4.0129833   3.026926   -2.6469312   1.7584184  -1.0252769   6.0068874
 -2.638778   -0.7391112   2.940471    0.6771363  -0.4769834  -1.0180883
 -1.8866762   0.3169812  -0.12518525 -1.6833092   0.748078    0.2606492
  3.9427593  -2.2856784  -0.59169364  1.6502665   4.1305847  -0.07130563
  0.6840595  -1.5775981  -0.07468531  1.4769725  -2.7109592   2.6549315
  1.2358259   0.50284207 -1.5901537   0.83043694 -3.2332141   0.77592885
 -1.8613235   1.1864748  -5.00252    -2.768813   -1.0476519   1.4355018
 -8.3948345  -0.5869834   0.8813762   5.4079337  -3.3836675  -1.451689
 -0.40000984 -2.1979992   2.9251199  -1.2385368  -1.9359486  -0.31828287
 -0.5569784   0.6572134   4.288532    2.863682    1.2287629   0.6690191
  5.187795    3.1255264   2.5612552  -4.241019   -0.24270234 -0.02052797
 -0.19612968 -0.40456071  2.3803124   0.839715   -0.96370924 -0.4551711
 -2.0293767   1.1278883   0.4489088   1.5073856  -0.605884    1.2457719
  1.4321653  -4.3561263   3.024962   -1.3283437   0.21459304 -0.15295961
  0.767058    3.1963198  -1.2498459  -0.8926253  -3.723204    2.7013605
  6.0186615  -0.49753305  1.6232449   2.666149   -2.2750235  -0.3297063
  3.5159929  -0.40764076]",0
67,74.90384615384616,33.13461538461539,70,28,11,12,104,0.9166666666666666,0.7878787878787878,0.3993251883753752,1777.3350830078125,7388.855344443877,1.2697297859879875,238.39061013400604,2.0543970942868763,2.6085291828632187,4.838105157045594,6.14308622564288,5.490595691344237,13.710126701460691,0.9815578089199442,8.428919622600992,767744.0,5118293.333333333,76774.4,54509.82399999999,"[ 2.0195773  -4.3866367   1.5131549  -4.092529   -0.509021    0.110044
  0.10969844  2.4089878   2.5443962   0.54746     0.51730156  1.4807218
  4.7235894  -1.3692987  -0.796147    0.68558615 -0.45035487 -2.994617
 -1.0484304  -6.780032   -1.8643966   5.843289    1.043129    0.6039907
  4.416026   -1.0131418  -0.852324    0.6421412  -0.94389504 -5.5203753
 -4.017496    3.029294   -2.6343956   1.7599816  -1.0361156   6.0069685
 -2.6413856  -0.7354243   2.9431767   0.6772393  -0.47884986 -1.0149125
 -1.8885338   0.31765604 -0.1251595  -1.669711    0.75133073  0.25980425
  3.9435751  -2.2887666  -0.59017575  1.6504234   4.138653   -0.07115755
  0.6801473  -1.5781732  -0.0777311   1.4947534  -2.7123291   2.6554885
  1.2370075   0.51092136 -1.583515    0.83761704 -3.233304    0.7795776
 -1.8586718   1.1882787  -4.9958224  -2.7852566  -1.0480634   1.4254446
 -8.393102   -0.5854555   0.8803542   5.4080334  -3.3848577  -1.4509377
 -0.40047497 -2.1958714   2.919016   -1.2301434  -1.9381225  -0.31868795
 -0.5569783   0.6578256   4.3047824   2.8642824   1.2275375   0.6742054
  5.187571    3.1258569   2.561437   -4.2429695  -0.24271676 -0.02394856
 -0.19624567 -0.40221593  2.3760986   0.8386588  -0.96274865 -0.4504155
 -2.0310645   1.1196312   0.44678402  1.508601   -0.6059542   1.2444096
  1.420052   -4.359499    3.0257225  -1.3300104   0.21486787 -0.15256348
  0.768381    3.1971922  -1.2504206  -0.889507   -3.7193115   2.7061644
  6.0198445  -0.5017308   1.6231345   2.6665843  -2.274272   -0.32861978
  3.5141373  -0.40745485]",0
68,73.13725490196079,31.637254901960784,68,26,11,12,102,0.9166666666666666,0.7727272727272727,0.5970540464629402,2097.61572265625,13127.335291345287,1.4626836617154073,225.50383678556932,1.731535849456214,2.5326891966741134,4.077766925469384,5.964483058167537,5.021124991818461,18.460561356574452,0.9630530176012335,11.344574280307938,706768.0,4711786.666666667,70676.8,50180.528,"[ 2.0125852  -4.38458     1.5114843  -4.0958667  -0.5086004   0.11256868
  0.11012247  2.4074423   2.5471666   0.5499155   0.5235691   1.4776528
  4.7309146  -1.368061   -0.8002435   0.6874586  -0.45325828 -2.9967191
 -1.0491138  -6.7790627  -1.8708028   5.8427987   1.0431101   0.6041723
  4.4145656  -1.016192   -0.8518368   0.6409646  -0.9489247  -5.5122175
 -4.0153093   3.0255396  -2.6309414   1.7634676  -1.0361282   6.0088525
 -2.642428   -0.7359762   2.9399261   0.67833537 -0.4773052  -1.012638
 -1.8896133   0.3175769  -0.12773061 -1.6669924   0.75063133  0.25418615
  3.9386957  -2.285256   -0.5877191   1.6503524   4.126839   -0.07051355
  0.6813853  -1.5790329  -0.07717678  1.488404   -2.7084806   2.658017
  1.237138    0.5235852  -1.5918344   0.83011556 -3.233392    0.7813729
 -1.8584994   1.1935937  -5.0031     -2.780598   -1.0481396   1.4317135
 -8.399413   -0.5847206   0.8770531   5.407576   -3.3805926  -1.4531951
 -0.40048957 -2.1961453   2.9235425  -1.2264506  -1.9360756  -0.32060006
 -0.5586063   0.65558296  4.3072486   2.8655026   1.2273934   0.6695721
  5.189405    3.1269257   2.5636623  -4.2412987  -0.2431089  -0.01596344
 -0.19330728 -0.3911778   2.3697433   0.841171   -0.95936215 -0.4508611
 -2.0293353   1.1194822   0.45084107  1.5095576  -0.6044479   1.2441497
  1.4203056  -4.35258     3.0229921  -1.33239     0.21773903 -0.15384379
  0.7693901   3.2003496  -1.2490809  -0.8951637  -3.7160583   2.7149277
  6.019678   -0.49780938  1.6285247   2.6679657  -2.2716417  -0.328668
  3.516123   -0.40673167]",0
69,74.46153846153847,33.49038461538461,69,28,11,12,104,0.9166666666666666,0.7878787878787878,0.5166054274271543,1853.7786865234375,14482.751441324705,1.3194755684055635,240.30169751894533,1.9189812680575986,2.532048899429929,4.5192008862756445,5.962975158157483,5.241088022216564,17.406543524112557,0.9649704241792261,11.800729867146053,870320.0,5802133.333333334,87032.0,61792.719999999994,"[ 2.009382   -4.3869653   1.515164   -4.0945125  -0.5066759   0.11598617
  0.11009225  2.4084466   2.5456066   0.5440356   0.5220456   1.4780191
  4.73025    -1.3681134  -0.8001337   0.6813057  -0.4559221  -2.9958458
 -1.0475793  -6.779219   -1.8693521   5.841781    1.052712    0.6025591
  4.417547   -1.0150471  -0.85336316  0.64699495 -0.9564447  -5.5095124
 -4.015829    3.0267155  -2.635111    1.7612456  -1.0317317   6.007835
 -2.640576   -0.73506856  2.939883    0.6777349  -0.47744542 -1.0153838
 -1.8881531   0.31659073 -0.12628329 -1.672889    0.7484101   0.25958204
  3.941537   -2.2854145  -0.5884706   1.6504335   4.128333   -0.07071628
  0.68462336 -1.5789429  -0.0738928   1.4843442  -2.708503    2.6573539
  1.2386945   0.51867527 -1.5903497   0.82500494 -3.2330196   0.7794806
 -1.8621238   1.1880596  -5.003896   -2.7730126  -1.0476648   1.4334203
 -8.399367   -0.58573747  0.8791639   5.4084444  -3.3824825  -1.4522637
 -0.39975944 -2.1956959   2.9257374  -1.2364081  -1.9377863  -0.31982508
 -0.55814767  0.656363    4.299258    2.8644004   1.2279655   0.6690651
  5.18784     3.126721    2.5632584  -4.243164   -0.24238068 -0.01812733
 -0.19235516 -0.39323387  2.3726346   0.84074426 -0.96040595 -0.4531368
 -2.0298944   1.1223031   0.44980717  1.5081952  -0.60566133  1.2450403
  1.4243797  -4.3575764   3.024591   -1.3303893   0.21436118 -0.15428784
  0.76839733  3.1976428  -1.2486624  -0.89376014 -3.7204614   2.708444
  6.0239186  -0.49414483  1.6262888   2.6671436  -2.2729614  -0.32950675
  3.514548   -0.40719813]",0
70,73.98989898989899,33.2020202020202,69,28,11,12,99,0.9166666666666666,0.75,0.5678030752623643,2097.577392578125,11082.12214856507,1.4129134040118252,241.26856516137042,1.9073325472043725,2.6948957218530754,4.4917681486662975,6.346479424963992,5.419123786815145,8.765076834584255,0.9720185487957023,10.580199797890565,761776.0,5078506.666666667,76177.6,54086.096,"[ 2.0125947  -4.3869896   1.5165037  -4.0959916  -0.5104293   0.11723608
  0.11001125  2.409271    2.5435565   0.5427601   0.5192466   1.4802569
  4.726909   -1.3694823  -0.7996373   0.681326   -0.4540627  -2.9934447
 -1.0465307  -6.781566   -1.867051    5.842453    1.049136    0.5995292
  4.4180818  -1.0121931  -0.8539467   0.6416336  -0.9509525  -5.516331
 -4.0128584   3.028274   -2.6421063   1.7577944  -1.0215758   6.0064282
 -2.6404154  -0.73769236  2.944002    0.6765516  -0.4780639  -1.0138636
 -1.8869532   0.31744093 -0.12369288 -1.6778193   0.74753463  0.26423264
  3.944763   -2.2870793  -0.5906619   1.6501299   4.138335   -0.07205818
  0.6769477  -1.5774287  -0.07398722  1.497504   -2.7110825   2.6539533
  1.2348962   0.5042671  -1.5900207   0.83473647 -3.2328115   0.7755816
 -1.8582691   1.1853678  -5.0011663  -2.780044   -1.0477604   1.4305594
 -8.389836   -0.5866688   0.88200027  5.409807   -3.3862624  -1.4507884
 -0.40035307 -2.1972764   2.9193137  -1.2373317  -1.9364254  -0.3174869
 -0.55620253  0.6578447   4.2910004   2.8637333   1.2288651   0.67125463
  5.190679    3.1263504   2.5605676  -4.242198   -0.24274251 -0.02428449
 -0.1949172  -0.40258464  2.372265    0.83825564 -0.96462166 -0.4507929
 -2.0297294   1.1247581   0.44523704  1.5073915  -0.60647005  1.2453169
  1.4246305  -4.3573475   3.0263262  -1.3275557   0.21122359 -0.15177664
  0.76692486  3.1970217  -1.250297   -0.89255303 -3.7227044   2.6973982
  6.025724   -0.49926713  1.6213602   2.665838   -2.2754672  -0.32889813
  3.5161154  -0.4077093 ]",0
71,72.11111111111111,31.21212121212121,67,26,11,12,99,0.9166666666666666,0.75,0.5790463625034873,1902.449462890625,14586.103497516266,1.4216308294348081,245.64633795635,1.86412308400695,2.650094846085373,4.390009862836368,6.2409733625310535,5.315491612683711,14.120345826961067,0.9646298614813483,12.138137367932138,840496.0,5603306.666666666,84049.59999999999,59675.21599999999,"[ 2.0089996  -4.391934    1.5119389  -4.0953174  -0.50519556  0.10778248
  0.11096528  2.4062922   2.5479517   0.5487153   0.5217624   1.4773479
  4.731836   -1.3679577  -0.7999935   0.6915644  -0.4518847  -2.9982889
 -1.0466582  -6.7776084  -1.8686663   5.8425817   1.0435412   0.6045314
  4.413932   -1.0126058  -0.8507576   0.64188516 -0.9455628  -5.5174446
 -4.018688    3.0240703  -2.6238275   1.7624651  -1.040162    6.009237
 -2.643868   -0.73547816  2.9402122   0.6784738  -0.4789977  -1.0109986
 -1.889835    0.31609935 -0.12690604 -1.6623002   0.7488388   0.2532711
  3.9385123  -2.2843597  -0.58443403  1.6506438   4.130993   -0.07024538
  0.68953276 -1.5806481  -0.07719728  1.4925913  -2.7061565   2.659823
  1.2394505   0.5267205  -1.5912153   0.82747245 -3.2336385   0.7875507
 -1.857437    1.1966835  -5.0028434  -2.7894096  -1.0480567   1.4276295
 -8.404791   -0.5839372   0.8753726   5.4048467  -3.3796015  -1.4538186
 -0.40059608 -2.19248     2.9187396  -1.2242409  -1.9368871  -0.32167056
 -0.5593458   0.6542496   4.316747    2.866393    1.2266299   0.6698319
  5.186381    3.127949    2.5647218  -4.247465   -0.24214429 -0.01326049
 -0.18791723 -0.38628724  2.3674946   0.8418865  -0.9577223  -0.44643617
 -2.03022     1.1153861   0.4503411   1.5104179  -0.6043349   1.2439765
  1.4182975  -4.353631    3.0224376  -1.3363811   0.21752982 -0.1551815
  0.7701684   3.200123   -1.248195   -0.8945016  -3.7147691   2.7155774
  6.024067   -0.49652377  1.6290854   2.6690419  -2.2682993  -0.3286444
  3.512768   -0.40681016]",0
72,73.57731958762886,32.72164948453608,69,27,10,12,97,0.8333333333333334,0.8083333333333333,0.6254903563169385,1926.958740234375,9525.710513041086,1.4009804743293175,242.26439261680125,1.8556726942326367,2.599761211366002,4.370109194917859,6.122437652766934,5.246273423842396,13.270804758900661,0.9753605918508785,9.909752830690179,795504.0,5303360.0,79550.4,56480.78399999999,"[ 2.0137167  -4.388969    1.5140374  -4.0947328  -0.50719255  0.11168891
  0.11081907  2.4075375   2.5463428   0.54398924  0.5243509   1.4780993
  4.73274    -1.3680503  -0.80064905  0.6828034  -0.4535948  -2.9976087
 -1.0482116  -6.777968   -1.8685076   5.841948    1.0488294   0.60508704
  4.4167194  -1.0151732  -0.85293984  0.6463872  -0.95323104 -5.51777
 -4.018054    3.0266604  -2.6326106   1.761714   -1.0354741   6.0091977
 -2.6426566  -0.7326968   2.940559    0.67930037 -0.4791327  -1.0141716
 -1.889472    0.31624657 -0.12628365 -1.6727247   0.74996066  0.2608204
  3.940643   -2.28449    -0.58915186  1.6503799   4.131691   -0.07071511
  0.6897719  -1.5792855  -0.07838115  1.4866309  -2.708634    2.6584353
  1.2399291   0.5192136  -1.5901456   0.82487965 -3.2333462   0.7817446
 -1.857773    1.1928003  -5.0058475  -2.7767186  -1.0475807   1.4336393
 -8.407138   -0.5840158   0.8779908   5.4066796  -3.3818023  -1.4532117
 -0.40045547 -2.1966717   2.924744   -1.2314749  -1.9372771  -0.32040635
 -0.55823106  0.6555204   4.3024945   2.8655412   1.227891    0.67149115
  5.1870465   3.126637    2.5639875  -4.2422996  -0.24301767 -0.01460088
 -0.19279742 -0.39316967  2.3735056   0.84141135 -0.95958817 -0.45219636
 -2.0312016   1.1190752   0.4514587   1.5088226  -0.6048997   1.2444082
  1.4238753  -4.3561325   3.0239816  -1.3326371   0.21244322 -0.15476218
  0.7682601   3.1983755  -1.2488444  -0.89280623 -3.7195323   2.7107706
  6.0217896  -0.4974011   1.6278158   2.6677506  -2.2717142  -0.32930493
  3.5142252  -0.40636146]",0
73,73.27884615384616,31.14423076923077,68,26,11,12,104,0.9166666666666666,0.7878787878787878,0.3833201826908968,1894.1322021484375,14598.91488239235,1.2508728112471215,235.27578015113738,1.8868974532708254,2.3602687219079113,4.443643502452794,5.558432840093131,5.001038171272962,24.37909153502649,0.963007666447204,11.84796107190874,725504.0,4836693.333333333,72550.4,51510.78399999999,"[ 2.016939   -4.3845925   1.5141207  -4.094994   -0.5100555   0.11138532
  0.11070666  2.4083164   2.5434518   0.5457223   0.51766634  1.4791117
  4.7292237  -1.3684957  -0.7990638   0.6882264  -0.45177555 -2.9950268
 -1.0473669  -6.7791953  -1.8666523   5.841938    1.03812     0.6052439
  4.416555   -1.0143962  -0.8533704   0.6384784  -0.943654   -5.5192804
 -4.0153685   3.0285068  -2.6320283   1.7604947  -1.031144    6.007203
 -2.6410859  -0.730932    2.941103    0.67900777 -0.47876412 -1.0140786
 -1.8879797   0.3173886  -0.12658274 -1.6697303   0.75044787  0.25976038
  3.9427643  -2.2871153  -0.59067094  1.6497754   4.1396227  -0.07085211
  0.67851925 -1.5771192  -0.07340714  1.5007378  -2.7080297   2.655498
  1.236364    0.51557356 -1.5873467   0.82909703 -3.2331064   0.7862017
 -1.8590895   1.189493   -4.999781   -2.7854748  -1.0468967   1.4284726
 -8.38985    -0.5854501   0.8800916   5.4076242  -3.3826194  -1.4518046
 -0.4004342  -2.1962233   2.9182558  -1.2312797  -1.9363458  -0.3179901
 -0.5566276   0.657218    4.3032165   2.864598    1.2284122   0.6732466
  5.188294    3.1251974   2.5616915  -4.235915   -0.24256048 -0.02023543
 -0.19182825 -0.40085766  2.3712363   0.840006   -0.9617704  -0.44780815
 -2.0294886   1.1219593   0.44999433  1.5080981  -0.60594004  1.244344
  1.4139153  -4.357765    3.0245357  -1.3290293   0.21058498 -0.15283927
  0.7674489   3.197498   -1.2500978  -0.8900525  -3.7190626   2.7033148
  6.0218425  -0.49628142  1.6244076   2.6657913  -2.2722087  -0.32886577
  3.5141642  -0.40704256]",0
74,73.63725490196079,31.362745098039216,69,25,10,13,102,0.7692307692307693,0.7846153846153846,0.6333071774307765,1767.5118408203125,9745.308578067396,1.538920113507673,231.95006788329238,1.758657770549981,2.7064338158759282,4.141639049645206,6.373651636387811,5.257645343016508,19.012606197396934,0.9739845436728998,9.774571139515281,830128.0,5534186.666666667,83012.8,58939.087999999996,"[ 2.0132406  -4.3874283   1.5159609  -4.094106   -0.51021427  0.11526638
  0.11065277  2.4084759   2.5459547   0.54928607  0.51981854  1.4785783
  4.730435   -1.3683668  -0.798627    0.68191856 -0.45344996 -2.9954455
 -1.0469075  -6.7807765  -1.8681223   5.8430576   1.0502008   0.6030982
  4.4176807  -1.0146335  -0.853276    0.64598787 -0.9523234  -5.5129404
 -4.014831    3.0274193  -2.634696    1.7595835  -1.0308208   6.008819
 -2.6398597  -0.7376964   2.9404597   0.67872083 -0.4779703  -1.0151267
 -1.888261    0.3164459  -0.12567186 -1.6725179   0.74880123  0.2599535
  3.9423583  -2.2871127  -0.58914876  1.6507684   4.1312814  -0.0706548
  0.6853423  -1.5786587  -0.07422945  1.4894919  -2.7100186   2.6566985
  1.2361768   0.51262236 -1.5890516   0.8339158  -3.2335012   0.7817106
 -1.861436    1.189271   -5.0015836  -2.780922   -1.0484421   1.429144
 -8.400501   -0.585624    0.8800178   5.408788   -3.383548   -1.4528309
 -0.40010813 -2.1955607   2.9224005  -1.2336851  -1.9369152  -0.32008377
 -0.5585129   0.6565228   4.300836    2.865182    1.2278205   0.6699501
  5.1902843   3.126776    2.562649   -4.2425823  -0.24235627 -0.02048147
 -0.19396544 -0.3975753   2.373881    0.840606   -0.962072   -0.45056987
 -2.0288439   1.1231142   0.44889402  1.508996   -0.6053639   1.244982
  1.4244016  -4.357552    3.0251555  -1.3305314   0.21639167 -0.1534271
  0.76871645  3.1991496  -1.2495555  -0.8916773  -3.7207189   2.7055006
  6.023728   -0.497265    1.6254386   2.6671698  -2.2731571  -0.32896084
  3.5148242  -0.40751088]",0
75,75.25263157894737,35.084210526315786,70,30,11,11,95,1.0,0.7851239669421488,0.6051991008454087,2406.94482421875,8953.432500291008,1.3153048083862284,236.174400947647,1.9462955999718115,2.559971961183883,4.583526137933616,6.028733968588044,5.30613005326083,20.24820922645233,0.9751003001476622,9.708071790927388,608656.0,4057706.666666666,60865.59999999999,43214.575999999994,"[ 2.008599   -4.3879814   1.5136923  -4.0960603  -0.50889844  0.11307788
  0.11058858  2.4070885   2.5450525   0.5488077   0.5202694   1.4774871
  4.7293754  -1.3683524  -0.7999306   0.69086343 -0.45297584 -2.995161
 -1.0473764  -6.778417   -1.8680074   5.842201    1.0396017   0.60161066
  4.4159994  -1.0126196  -0.8524604   0.6392859  -0.94748753 -5.512921
 -4.014797    3.0257888  -2.6289728   1.7612481  -1.0266755   6.0075
 -2.6405864  -0.73499227  2.938735    0.67689973 -0.47800505 -1.0139447
 -1.8871565   0.31726438 -0.1264832  -1.6659075   0.7485386   0.2547431
  3.940517   -2.285764   -0.58717227  1.650137    4.1324325  -0.07079159
  0.6769428  -1.5781912  -0.07110283  1.4973173  -2.7071335   2.6566505
  1.2371294   0.51902497 -1.591501    0.83060217 -3.23299     0.78697526
 -1.8576156   1.1889739  -5.0021486  -2.7882304  -1.0472294   1.4284376
 -8.391658   -0.5859443   0.8782641   5.4072943  -3.381527   -1.4519757
 -0.40026605 -2.1947656   2.9190483  -1.2305347  -1.9347721  -0.31896237
 -0.55751175  0.65641624  4.303843    2.8644438   1.2280208   0.67227817
  5.1881347   3.126526    2.5627472  -4.242139   -0.24255905 -0.01994956
 -0.19126141 -0.3929877   2.3649406   0.84095955 -0.96039665 -0.4461831
 -2.0297387   1.1187521   0.44689775  1.5083606  -0.60572094  1.2448118
  1.4116807  -4.355222    3.0250955  -1.3306361   0.21246146 -0.15333506
  0.7683098   3.197952   -1.2487391  -0.8949825  -3.7169828   2.7057157
  6.0230675  -0.49547178  1.6228086   2.666977   -2.2713645  -0.32883203
  3.5146103  -0.40729338]",0
76,73.66315789473684,33.63157894736842,69,28,10,12,95,0.8333333333333334,0.7916666666666666,0.577734538672806,1987.713623046875,9744.391960501665,1.423010615339351,225.47106481056352,1.8704431069717529,2.6616603966091215,4.404893516918478,6.268210234014481,5.33655187546648,17.748472833839088,0.9705962209161428,10.127810570535425,665152.0,4434346.666666667,66515.2,47225.791999999994,"[ 2.0144484  -4.383877    1.513579   -4.0955687  -0.51364344  0.11687937
  0.1106554   2.40825     2.5415587   0.54359704  0.5209229   1.4786868
  4.728518   -1.3690381  -0.80092514  0.6851125  -0.4537956  -2.992963
 -1.0491296  -6.777242   -1.8657224   5.8412075   1.0383759   0.60116434
  4.417059   -1.0126024  -0.854764    0.637241   -0.94576687 -5.5170755
 -4.0142474   3.0279884  -2.6428218   1.7597607  -1.0236677   6.005676
 -2.6389747  -0.73398805  2.9378202   0.67636395 -0.4785395  -1.0168489
 -1.8855598   0.31752908 -0.12650907 -1.6768774   0.74913716  0.26372337
  3.9440033  -2.2865798  -0.59166944  1.6496189   4.1387477  -0.07146019
  0.67550147 -1.57629    -0.07091591  1.4947813  -2.7089326   2.6535912
  1.2356647   0.5118605  -1.5899624   0.82941103 -3.2325895   0.7841443
 -1.8575629   1.1848825  -4.998136   -2.7776868  -1.0466877   1.4336097
 -8.388011   -0.58695304  0.8809313   5.407723   -3.3832958  -1.4505773
 -0.3999241  -2.196558    2.9219368  -1.2373359  -1.9344088  -0.3168191
 -0.5555441   0.6586707   4.2967887   2.8632941   1.2294958   0.67408884
  5.185976    3.125663    2.5607285  -4.239986   -0.24205694 -0.02198327
 -0.19720006 -0.40527079  2.3732831   0.83954966 -0.9626306  -0.44718885
 -2.030895    1.1248823   0.4462881   1.5068777  -0.60640043  1.2454393
  1.4146895  -4.357842    3.0274801  -1.3275349   0.21117793 -0.15187165
  0.7662652   3.1949651  -1.2502517  -0.8934142  -3.720009    2.702954
  6.0231714  -0.497699    1.6187295   2.6645472  -2.275046   -0.32904392
  3.5141523  -0.40788388]",0
77,73.9327731092437,34.34453781512605,68,28,12,14,119,0.8571428571428571,0.7083333333333334,0.668854684793766,1646.7587890625,12671.243420964602,1.6121265174416377,225.46036937957484,1.793586620636236,2.8914885524562113,4.223896491598336,6.809455541034377,5.516676016316357,21.20586766131385,0.9693185462444207,10.318964926336509,958704.0,6391360.0,95870.4,68067.984,"[ 2.01015    -4.388642    1.5199853  -4.093784   -0.5133266   0.11848488
  0.11068341  2.408581    2.5448766   0.549694    0.5185058   1.4773792
  4.730582   -1.3685555  -0.79841447  0.6766908  -0.45347458 -2.9935508
 -1.0455883  -6.7820325  -1.869313    5.8419595   1.0576242   0.5992799
  4.4170914  -1.0148826  -0.854645    0.6461662  -0.9575252  -5.5015883
 -4.0096016   3.0272813  -2.6350603   1.7582057  -1.023082    6.0076394
 -2.6367414  -0.7368126   2.9384046   0.6782318  -0.4766857  -1.0178543
 -1.887047    0.31646502 -0.12457574 -1.6770611   0.746518    0.2616868
  3.9426947  -2.2874475  -0.58940303  1.6506456   4.1376076  -0.0711714
  0.68064475 -1.5780121  -0.07245597  1.492012   -2.710628    2.6546783
  1.2338895   0.5091856  -1.5905391   0.839139   -3.2329853   0.7775582
 -1.864787    1.1853032  -4.9956946  -2.7801492  -1.0482377   1.4280564
 -8.392332   -0.58758706  0.88192064  5.4101214  -3.3837593  -1.4525276
 -0.39997488 -2.1956246   2.9247203  -1.2398856  -1.9364023  -0.31881967
 -0.5580363   0.6569472   4.288008    2.863917    1.2282703   0.6671674
  5.1937537   3.1255984   2.5614686  -4.243345   -0.24265376 -0.02508891
 -0.19681406 -0.40133128  2.3738225   0.8405732  -0.96323454 -0.45253193
 -2.0264573   1.1240171   0.44704998  1.5076927  -0.6056346   1.246011
  1.4284195  -4.357625    3.025354   -1.3272268   0.21551399 -0.15263179
  0.7675581   3.198413   -1.2492498  -0.8932623  -3.722136    2.6977646
  6.028284   -0.49641475  1.6247116   2.666877   -2.2737796  -0.3292808
  3.5165746  -0.40819395]",0
78,74.73148148148148,34.2962962962963,70,28,11,13,108,0.8461538461538461,0.7552447552447552,0.6483598402320544,1691.9095458984375,9070.732001602064,1.4766666552028136,223.32000470417267,1.8284176294688905,2.699963345221684,4.305923517399237,6.358413677997066,5.332168597698152,21.839295015971963,0.9752197062318432,9.164510858419732,856848.0,5712319.999999999,85684.79999999999,60836.20799999999,"[ 2.0090585  -4.3907614   1.5143212  -4.096102   -0.50996155  0.11359152
  0.11011055  2.4077854   2.5460246   0.54583615  0.51989746  1.4777124
  4.7284665  -1.3684853  -0.7990093   0.6842659  -0.45238048 -2.9954023
 -1.046834   -6.7797937  -1.8691529   5.842215    1.0518155   0.60186666
  4.4149885  -1.014377   -0.8526573   0.64394104 -0.9512746  -5.505827
 -4.0133467   3.0261948  -2.6293757   1.761042   -1.0320907   6.007804
 -2.6398964  -0.7379148   2.9393377   0.6776374  -0.47708625 -1.0154737
 -1.8881721   0.31693423 -0.12612915 -1.6677717   0.7479731   0.25542402
  3.9405603  -2.2865937  -0.58657646  1.6506033   4.1345253  -0.07080609
  0.68232083 -1.5791689  -0.07416794  1.4912399  -2.7083495   2.6568537
  1.2366197   0.52183104 -1.5903265   0.8320892  -3.233061    0.77920294
 -1.8613845   1.1894325  -4.998533   -2.781633   -1.0479416   1.4284309
 -8.398153   -0.58616585  0.8786891   5.408426   -3.3820057  -1.4521748
 -0.40027636 -2.1943762   2.9242263  -1.2333282  -1.9372749  -0.3197755
 -0.55831414  0.65631086  4.300051    2.8643017   1.2274597   0.66963184
  5.18961     3.1262662   2.5628374  -4.2453465  -0.24246234 -0.0200466
 -0.19237351 -0.39355394  2.3695269   0.8408563  -0.9603187  -0.44918573
 -2.028729    1.1176857   0.44746614  1.5085561  -0.60539824  1.2451961
  1.421727   -4.3563414   3.0242593  -1.3305557   0.21460818 -0.1539838
  0.76885545  3.1984143  -1.2487991  -0.89493865 -3.7184513   2.7083616
  6.025421   -0.4954863   1.626058    2.6677723  -2.2725327  -0.32932162
  3.5149617  -0.4076113 ]",0
79,73.05555555555556,32.22222222222222,68,26,11,13,108,0.8461538461538461,0.7552447552447552,0.6890332988547692,1818.1549072265625,13514.314290373317,1.6873016019237235,220.00185218294595,1.7133543816873231,2.890945592884051,4.034949568873646,6.80817687124194,5.421563220057793,22.084174609261428,0.9626028397640849,11.186265673837665,721968.0,4813120.0,72196.8,51259.727999999996,"[ 2.0111918  -4.3886795   1.5092667  -4.0944853  -0.5068521   0.11107174
  0.11107907  2.405549    2.5458717   0.55176395  0.52396774  1.4776622
  4.7329245  -1.3686343  -0.8005518   0.69499296 -0.4523915  -2.99563
 -1.0490923  -6.775636   -1.8670241   5.843396    1.0318877   0.60131574
  4.414691   -1.0108976  -0.85111177  0.6369647  -0.942367   -5.5157876
 -4.0165305   3.023795   -2.629392    1.7616217  -1.0330716   6.008389
 -2.6429555  -0.7371187   2.9390688   0.67601997 -0.4790728  -1.0125877
 -1.8871777   0.31775016 -0.12622046 -1.6633849   0.74834085  0.2552595
  3.939376   -2.2843852  -0.5869974   1.650415    4.1249323  -0.07075941
  0.68070924 -1.5785351  -0.07708094  1.4936571  -2.7072473   2.657586
  1.2376531   0.5222286  -1.5940756   0.8334385  -3.233645    0.7899219
 -1.852302    1.192466   -5.0021043  -2.791104   -1.0480702   1.4327719
 -8.398167   -0.58484966  0.8755892   5.4047966  -3.3801923  -1.4527081
 -0.40095836 -2.1948931   2.9179957  -1.2227846  -1.9323499  -0.319945
 -0.55780846  0.6558029   4.309595    2.865972    1.2276108   0.6731857
  5.18509     3.128183    2.5628145  -4.242806   -0.24268979 -0.01619018
 -0.190413   -0.39043203  2.3662245   0.84110105 -0.96019804 -0.44496012
 -2.0309737   1.1176289   0.44678926  1.5100504  -0.604266    1.2441921
  1.4136204  -4.3510866   3.025444   -1.3342234   0.21775787 -0.15294728
  0.76920074  3.1987174  -1.2496337  -0.8949582  -3.7135782   2.7128394
  6.017429   -0.501425    1.6228544   2.6672642  -2.2710857  -0.32807755
  3.5143137  -0.40730113]",0
80,73.77165354330708,34.25196850393701,68,28,12,14,127,0.8571428571428571,0.7559523809523809,0.6267193874403816,1590.568603515625,19643.644223851912,1.6504033817186579,221.29085850692687,1.767527206556375,2.917132878980374,4.162526571440263,6.86984792999878,5.516187250719522,27.90997117773923,0.9540543200513513,12.436814864238267,925232.0,6168213.333333333,92523.2,65691.472,"[ 2.0096524  -4.3885765   1.517954   -4.095098   -0.51226634  0.11595052
  0.11066344  2.4083388   2.5446548   0.54999465  0.52049327  1.4781638
  4.733601   -1.3684311  -0.79888093  0.6792745  -0.4543136  -2.994103
 -1.0454934  -6.7800198  -1.8689151   5.8419347   1.0521195   0.6003996
  4.417714   -1.0130901  -0.8543954   0.6461023  -0.9530415  -5.507054
 -4.0108733   3.0263886  -2.637134    1.7579496  -1.024691    6.007502
 -2.638933   -0.73197126  2.940291    0.6782591  -0.47720322 -1.0153792
 -1.8869762   0.31652236 -0.12536931 -1.6742233   0.7453724   0.26022434
  3.9425468  -2.286166   -0.58817554  1.6505594   4.134603   -0.07099051
  0.67951274 -1.5782918  -0.07202336  1.4910171  -2.708999    2.6554503
  1.2341176   0.51331323 -1.592745    0.83443713 -3.2328234   0.7798691
 -1.8619555   1.1884682  -5.004231   -2.775948   -1.0480597   1.4306948
 -8.397561   -0.58668786  0.88085026  5.408894   -3.383766   -1.4522095
 -0.39998552 -2.1955023   2.921963   -1.2386831  -1.9358804  -0.3189681
 -0.5579839   0.6568473   4.2929664   2.8641298   1.2286673   0.6680254
  5.1906157   3.126155    2.5618844  -4.2437325  -0.2423544  -0.02030814
 -0.19170594 -0.3993298   2.3709826   0.84023845 -0.96266854 -0.4476961
 -2.0279064   1.1256825   0.4472804   1.5078033  -0.6056325   1.2457851
  1.4257741  -4.3559246   3.0249338  -1.3291838   0.21320556 -0.15309104
  0.7676735   3.1981053  -1.2494651  -0.89342636 -3.7216957   2.700996
  6.0290184  -0.4961414   1.6237413   2.6665027  -2.2742088  -0.3292948
  3.515055   -0.40775603]",0
81,72.5952380952381,34.65873015873016,67,28,12,14,126,0.8571428571428571,0.75,0.6981364636564698,1853.549560546875,15514.832310073838,1.6933547852960231,221.48837646044436,1.8306834825307632,3.0999966355058564,4.311259601359947,7.300492076616291,5.805875838988119,20.502619707123998,0.9636739034330855,11.096557563609121,673664.0,4491093.333333333,67366.4,47830.14399999999,"[ 2.015524   -4.3875475   1.5155237  -4.0944552  -0.5154838   0.11497518
  0.11128798  2.4073853   2.544016    0.55321485  0.5191653   1.4785664
  4.7322745  -1.3692286  -0.79906976  0.68525213 -0.451944   -2.99294
 -1.047825   -6.7784486  -1.8659956   5.843223    1.0420291   0.6009498
  4.4162526  -1.012467   -0.8536458   0.63879454 -0.9430384  -5.513822
 -4.0117555   3.0270224  -2.6414654   1.7578802  -1.026629    6.0079527
 -2.6387486  -0.73477626  2.9385257   0.6780301  -0.4784802  -1.0127223
 -1.8862073   0.31747454 -0.12585258 -1.6723791   0.74700606  0.2609687
  3.9427547  -2.2874444  -0.5901648   1.6504604   4.135413   -0.07132172
  0.67606735 -1.5772327  -0.07308742  1.4974884  -2.710615    2.6542974
  1.2327511   0.5114604  -1.5900033   0.83817756 -3.2334058   0.781626
 -1.8583549   1.188803   -4.9967957  -2.783162   -1.0485098   1.4305925
 -8.392518   -0.58657587  0.8802926   5.407404   -3.3830678  -1.4521105
 -0.40020722 -2.1956086   2.9175687  -1.2340511  -1.933262   -0.3183711
 -0.5569834   0.65764976  4.298654    2.8649194   1.2285255   0.67072105
  5.189118    3.1262078   2.5606458  -4.2410116  -0.24254674 -0.02213872
 -0.19509351 -0.40360865  2.370919    0.8399302  -0.9638852  -0.44535148
 -2.0282488   1.1242169   0.44583917  1.5085425  -0.60537416  1.2451606
  1.4204702  -4.354686    3.0271473  -1.3294978   0.21712647 -0.15128049
  0.7676797   3.1982121  -1.2504927  -0.8918566  -3.7188878   2.703264
  6.021956   -0.50096834  1.6213022   2.6657498  -2.274345   -0.3284529
  3.5148697  -0.4082275 ]",0
82,71.75471698113208,32.66981132075472,67,27,11,13,106,0.8461538461538461,0.7412587412587412,0.6561017047629737,2556.589111328125,15512.570851283464,1.7316629331617666,231.95218118454457,1.718230633961826,2.9753962994547374,4.0464331429801,7.007058285215907,5.526745714098004,17.586311884568605,0.9610157453341729,12.097314083339992,628144.0,4187626.6666666665,62814.399999999994,44598.223999999995,"[ 2.016357   -4.3830853   1.516239   -4.0942984  -0.5144476   0.11799678
  0.11099765  2.4078772   2.543049    0.5486036   0.52027917  1.478938
  4.730325   -1.3692424  -0.79948926  0.6829248  -0.45346487 -2.9931111
 -1.0476925  -6.7784333  -1.8662889   5.8422794   1.0406876   0.6012787
  4.4177203  -1.013145   -0.85425174  0.63816154 -0.94681734 -5.517827
 -4.0119314   3.0277364  -2.646709    1.7571808  -1.0213133   6.00723
 -2.639115   -0.7343738   2.9400592   0.67813116 -0.4784372  -1.0109134
 -1.8862092   0.31773406 -0.12487639 -1.6775572   0.74791706  0.26160622
  3.9433296  -2.286606   -0.59237826  1.6499064   4.1374207  -0.07185211
  0.6722746  -1.5762981  -0.07359859  1.4989278  -2.7108452   2.65343
  1.23324     0.50357044 -1.5893364   0.8350785  -3.2331083   0.77905285
 -1.8564802   1.1876199  -4.9999843  -2.7816103  -1.047638    1.4334711
 -8.386777   -0.58656174  0.8813854   5.4075637  -3.384158   -1.4517131
 -0.4003663  -2.1978533   2.9161086  -1.2351993  -1.9330642  -0.31704524
 -0.55585605  0.65771574  4.292313    2.8643034   1.2293568   0.6712105
  5.1893992   3.1254926   2.560116   -4.237566   -0.2428037  -0.02246559
 -0.19609809 -0.40561792  2.3708043   0.8394797  -0.9645897  -0.44870842
 -2.0288684   1.1271068   0.44693828  1.5075864  -0.6061698   1.2451116
  1.422647   -4.354525    3.0268617  -1.3275887   0.21422921 -0.1508657
  0.76665705  3.197398   -1.2505594  -0.8911454  -3.7210317   2.6979952
  6.018871   -0.5008204   1.6210638   2.665117   -2.2744076  -0.32851082
  3.5159557  -0.4076571 ]",0
83,74.824,34.984,69,29,12,13,125,0.9230769230769231,0.8012820512820513,0.5641467965119449,1944.1602783203125,16841.496717543327,1.61736168165452,230.38460093581097,1.7418611209592616,2.8172194318032986,4.102082939859061,6.634551761896768,5.3683173508779145,25.33371507529077,0.9625917200658464,11.607410294305383,937008.0,6246720.0,93700.8,66527.568,"[ 2.01276    -4.3864765   1.5168921  -4.0927715  -0.5108151   0.11730662
  0.11103562  2.4080913   2.5440931   0.54911107  0.521821    1.4782361
  4.734386   -1.368547   -0.7988702   0.6804387  -0.45504925 -2.9942157
 -1.0465999  -6.779341   -1.867478    5.8420873   1.0492866   0.60113275
  4.4191575  -1.0138154  -0.8543329   0.64299977 -0.9529976  -5.511753
 -4.012235    3.0272737  -2.6416469   1.7575898  -1.0257905   6.007855
 -2.6388965  -0.7341647   2.9399972   0.67875975 -0.47809827 -1.0158627
 -1.8867712   0.31656283 -0.12465287 -1.6789671   0.74606586  0.26229477
  3.943309   -2.2859666  -0.5915501   1.6501961   4.1339073  -0.07119329
  0.6812687  -1.5776143  -0.07382795  1.4918087  -2.7100072   2.655323
  1.2354542   0.50891197 -1.5922029   0.8328985  -3.233302    0.7797712
 -1.8609027   1.18753    -5.0017776  -2.778336   -1.0476986   1.4347663
 -8.394532   -0.5864418   0.88101906  5.4082065  -3.3833544  -1.4524955
 -0.4001519  -2.1971188   2.921012   -1.2377478  -1.9352537  -0.3182669
 -0.5570631   0.65692985  4.29289     2.8645947   1.2286243   0.6690397
  5.1895256   3.1261535   2.5613286  -4.2396655  -0.24260026 -0.0202545
 -0.19160306 -0.4027224   2.3757074   0.8402883  -0.96365416 -0.45071995
 -2.02805     1.1274067   0.44887364  1.5079249  -0.6057932   1.2453139
  1.4283907  -4.356559    3.0256672  -1.3285997   0.21542881 -0.15277287
  0.7671768   3.1975827  -1.249737   -0.89102334 -3.7217994   2.6998646
  6.024398   -0.49778733  1.6236583   2.6661174  -2.2738285  -0.3293062
  3.515104   -0.4076336 ]",0
84,74.98290598290598,33.085470085470085,70,27,11,13,117,0.8461538461538461,0.8181818181818182,0.6323305559923004,2167.7421875,22661.880044215188,1.4407002143056076,226.0147179303182,1.8810796977162183,2.710071923625683,4.429942688121694,6.3822193801384834,5.406081034130089,29.50837312910905,0.9455516203647512,13.917301549840387,657848.0,4385653.333333334,65784.8,46707.208,"[ 2.0186923  -4.3813634   1.5167803  -4.0940003  -0.511439    0.11343327
  0.11062267  2.4076934   2.5433803   0.5516419   0.5202775   1.4784532
  4.7282405  -1.3687139  -0.79723537  0.6833088  -0.45367318 -2.9941041
 -1.0472894  -6.778203   -1.866961    5.842019    1.0373695   0.602497
  4.41485    -1.0132027  -0.85380805  0.6406628  -0.946922   -5.52015
 -4.015031    3.0271351  -2.639423    1.7597357  -1.0252746   6.007069
 -2.6405637  -0.7305598   2.9396896   0.6776197  -0.47841203 -1.0139
 -1.8868881   0.3175314  -0.12686574 -1.6756293   0.7509383   0.26040936
  3.9422476  -2.2864203  -0.5908271   1.6500628   4.138142   -0.07117412
  0.67594564 -1.5766443  -0.07369325  1.4950049  -2.709913    2.654655
  1.2344755   0.50294816 -1.5863968   0.8333385  -3.2331603   0.787655
 -1.8571764   1.1896328  -5.000918   -2.7837958  -1.047206    1.4272408
 -8.386367   -0.58629876  0.880197    5.406574   -3.3825326  -1.4516933
 -0.40042472 -2.1968112   2.9180884  -1.232104   -1.9343494  -0.31760326
 -0.5563463   0.6574462   4.2995925   2.8641415   1.2289169   0.67142665
  5.1880207   3.1254716   2.561125   -4.2375245  -0.24280167 -0.02145017
 -0.19953346 -0.405301    2.373322    0.83984196 -0.9625002  -0.45048392
 -2.0300741   1.1265656   0.4491936   1.5078716  -0.6059175   1.2449553
  1.4157615  -4.3550973   3.0253816  -1.329471    0.213024   -0.15217975
  0.76714027  3.1971014  -1.2502272  -0.892065   -3.7197168   2.699518
  6.0187564  -0.49964437  1.6231958   2.665601   -2.2724297  -0.3289271
  3.5150268  -0.40749526]",0
85,74.69354838709677,32.153225806451616,69,26,12,13,124,0.9230769230769231,0.7948717948717948,0.7088065208619221,1591.0362548828125,13956.660673617085,1.6211648935119152,225.4090143584404,1.8561747102156947,3.009165276426337,4.371291442557961,7.086584225984023,5.728937834270992,22.67548749342705,0.9677796366531971,10.60913357017505,909456.0,6063040.000000001,90945.6,64571.376,"[ 2.016433   -4.387455    1.5152969  -4.0915346  -0.50984997  0.11257976
  0.11098024  2.4078858   2.5463877   0.5538834   0.5194204   1.4788502
  4.7313933  -1.3689373  -0.7971828   0.6850914  -0.45156905 -2.995494
 -1.0474372  -6.7807326  -1.8662345   5.8433995   1.0470561   0.6035347
  4.418068   -1.0138867  -0.8523601   0.64404905 -0.9486343  -5.5160875
 -4.015361    3.027638   -2.6332085   1.7586572  -1.0331281   6.0090575
 -2.6402159  -0.7375369   2.9417198   0.6791785  -0.47885048 -1.0140429
 -1.8886609   0.31649798 -0.12455238 -1.672154    0.74917436  0.26018667
  3.9422736  -2.2874286  -0.59016585  1.6509295   4.13303    -0.07092991
  0.6855892  -1.5790666  -0.07750806  1.4926454  -2.7119184   2.6566648
  1.2359482   0.50971305 -1.5883394   0.84061456 -3.2336962   0.78131545
 -1.8607973   1.1906724  -4.997029   -2.7862787  -1.0488114   1.4286304
 -8.397786   -0.58523077  0.87985903  5.407958   -3.3837578  -1.4532533
 -0.4002963  -2.1958888   2.9181976  -1.2293789  -1.9364629  -0.31998435
 -0.5584479   0.65629107  4.3024244   2.8655808   1.2272468   0.67072105
  5.1905046   3.1269453   2.5622237  -4.2421703  -0.24249989 -0.02155817
 -0.19300163 -0.39919528  2.3755555   0.84034085 -0.9628502  -0.45031965
 -2.0285408   1.1232368   0.44843006  1.5095646  -0.60525     1.2446355
  1.4264708  -4.3571463   3.0252175  -1.3311628   0.22024857 -0.15309903
  0.76898944  3.1998346  -1.2498639  -0.8894753  -3.7194562   2.7046926
  6.021106   -0.50185645  1.6251575   2.66756    -2.2729023  -0.32849538
  3.5146317  -0.40751797]",0
86,75.38613861386139,34.37623762376238,70,29,11,12,101,0.9166666666666666,0.7651515151515151,0.5857926225204205,1714.6134033203125,11017.835728223356,1.4334989257950452,238.64844712999653,1.8186946439763831,2.6070968184893473,4.283025886564382,6.1397130075424124,5.211369447053397,12.890712333720854,0.9720269944051406,10.444495318475516,983136.0,6554240.0,98313.59999999999,69802.65599999999,"[ 2.0136898  -4.386062    1.5119306  -4.094287   -0.5055935   0.10912955
  0.11152199  2.407087    2.5480506   0.5488574   0.5231497   1.4765848
  4.731615   -1.3677776  -0.79982615  0.6868452  -0.45285797 -2.9984124
 -1.0482476  -6.7783504  -1.8690481   5.8427386   1.0493697   0.6047067
  4.4134293  -1.0141971  -0.85244405  0.64680994 -0.9498865  -5.5151863
 -4.0186276   3.0250392  -2.6252391   1.7627515  -1.043777    6.010636
 -2.6428373  -0.7403629   2.9372458   0.6786811  -0.4792104  -1.0191337
 -1.8894919   0.31522447 -0.12707901 -1.6659187   0.75025666  0.25607443
  3.9397051  -2.2850718  -0.5863284   1.6509554   4.12497    -0.06999449
  0.69759285 -1.5803506  -0.07871434  1.4812014  -2.7076411   2.6598823
  1.2399215   0.52675587 -1.5906292   0.8272798  -3.234011    0.78751373
 -1.8596352   1.1934713  -5.0022435  -2.779046   -1.0486537   1.430412
 -8.413248   -0.58387643  0.87609905  5.4062405  -3.3803668  -1.4547215
 -0.40008205 -2.1936228   2.9285083  -1.2276264  -1.9371843  -0.322732
 -0.5601991   0.6549586   4.312391    2.8668983   1.2272339   0.6703701
  5.186482    3.1282053   2.5654256  -4.2437477  -0.24188843 -0.01382101
 -0.19261205 -0.3912165   2.376427    0.84276605 -0.9576012  -0.4504906
 -2.0307066   1.1188167   0.4523151   1.5104285  -0.6038597   1.2444708
  1.420282   -4.3562922   3.0244856  -1.3356549   0.21931414 -0.15535602
  0.76961905  3.1996381  -1.2486547  -0.89319867 -3.7171216   2.7174985
  6.0220537  -0.49794993  1.6297728   2.668725   -2.2698371  -0.32874805
  3.5130022  -0.40711755]",0
87,75.4326923076923,33.69230769230769,70,28,11,12,104,0.9166666666666666,0.7878787878787878,0.5430579223329491,1831.307373046875,10090.766355234471,1.2059773623046626,233.50093686816152,2.0243807200982875,2.441357321124546,4.767416595831467,5.749396491248306,5.258406543539886,24.004468284549844,0.9738814098859881,9.85020809777957,881664.0,5877760.0,88166.4,62598.14399999999,"[ 2.0126631  -4.384444    1.5148162  -4.097916   -0.51037616  0.11207968
  0.11138621  2.4071925   2.5454993   0.541653    0.5232911   1.4775827
  4.731546   -1.3681638  -0.80311084  0.6825617  -0.4534304  -2.9969049
 -1.0475671  -6.776728   -1.8690705   5.841624    1.0490633   0.60431707
  4.413857   -1.0143157  -0.8538476   0.64436114 -0.94990677 -5.5174265
 -4.0160565   3.0258992  -2.6342678   1.761438   -1.034312    6.009107
 -2.6423776  -0.736156    2.9379506   0.67934954 -0.47916514 -1.014269
 -1.8885257   0.31609052 -0.1272955  -1.6717883   0.748904    0.26054907
  3.94075    -2.2841887  -0.5880158   1.6501753   4.1320996  -0.0708755
  0.6879245  -1.5786991  -0.07642695  1.4889262  -2.7066345   2.65774
  1.2379764   0.5230186  -1.59037     0.8207059  -3.2333636   0.7820122
 -1.8576642   1.1933327  -5.0041356  -2.7734427  -1.0475912   1.4342496
 -8.406999   -0.5845219   0.87766355  5.4060187  -3.3810055  -1.4530886
 -0.4003163  -2.1953678   2.9260097  -1.2347076  -1.9361988  -0.32004145
 -0.55772954  0.6558663   4.301624    2.8656666   1.2286611   0.67038345
  5.1860275   3.12642     2.5636985  -4.242079   -0.24252808 -0.0132283
 -0.19353855 -0.3938649   2.371117    0.8416295  -0.9590293  -0.44893062
 -2.030936    1.121339    0.4511304   1.5086464  -0.6048469   1.2447037
  1.4205142  -4.3549757   3.0246785  -1.3329839   0.21203981 -0.15417072
  0.7678054   3.1976705  -1.2490746  -0.8945417  -3.7194426   2.711024
  6.0240445  -0.49574777  1.6276227   2.6670935  -2.2714777  -0.329282
  3.5136538  -0.40691572]",0
88,75.9,33.48,71,28,11,12,100,0.9166666666666666,0.7575757575757576,0.6317763477094019,1508.1676025390625,11935.044705046806,1.3654111451326096,230.96641685317476,1.7723969081318938,2.4200504919618657,4.17399471865061,5.699218908570193,4.9366068136104015,18.983772354639246,0.9670415929257722,10.924763020334494,1044496.0,6963306.666666667,104449.6,74159.216,"[ 2.0162938  -4.381383    1.5156173  -4.092633   -0.50628966  0.11377549
  0.11049566  2.4089613   2.5466049   0.54241675  0.52215695  1.4776969
  4.7249293  -1.3684781  -0.79465485  0.67647886 -0.4551552  -2.996929
 -1.0464972  -6.7806716  -1.868861    5.8421226   1.0588545   0.6031416
  4.4147024  -1.0149813  -0.8537892   0.6493107  -0.9564695  -5.5120997
 -4.016057    3.027087   -2.6380863   1.7599802  -1.0391539   6.0092115
 -2.6410382  -0.7449467   2.9396605   0.6784428  -0.47814456 -1.0223087
 -1.8890249   0.3154555  -0.12550032 -1.6769334   0.74982655  0.2559266
  3.9423928  -2.2864344  -0.58916306  1.6508029   4.132992   -0.07096817
  0.6918025  -1.5797035  -0.07907817  1.4767934  -2.7109716   2.6572905
  1.2380311   0.5126928  -1.5868722   0.8291484  -3.2340035   0.77572787
 -1.8642434   1.189308   -4.999887   -2.7709455  -1.0483444   1.4309719
 -8.402601   -0.5854911   0.87978274  5.408179   -3.383289   -1.4536461
 -0.3997797  -2.1952786   2.929507   -1.2363942  -1.9393297  -0.3209205
 -0.5589325   0.6561283   4.2988153   2.8654504   1.227766    0.6674303
  5.1882677   3.12682     2.563367   -4.2429743  -0.24184757 -0.01871217
 -0.19535756 -0.40256146  2.385332    0.8410398  -0.960534   -0.456483
 -2.0297267   1.1263701   0.45243418  1.5090226  -0.6054004   1.2452581
  1.4321804  -4.3590627   3.0246253  -1.331875    0.21880661 -0.15435663
  0.7682342   3.1980414  -1.2491463  -0.8915617  -3.7227013   2.7083404
  6.0218863  -0.4976535   1.6295458   2.668027   -2.272154   -0.32926565
  3.5143628  -0.4076044 ]",0
89,76.48913043478261,34.92391304347826,72,30,10,11,92,0.9090909090909091,0.8363636363636363,0.6025269781270771,1990.243896484375,11130.513483240193,1.2634955081631873,241.31263098502643,1.8387484586729677,2.3232504181752787,4.330252620174838,5.471254734802781,4.90075367748881,18.694683696818444,0.9695064849939586,10.999265530440319,805920.0,5372800.0,80592.0,57220.31999999999,"[ 2.0131843  -4.3850083   1.5124601  -4.0936394  -0.50586575  0.11193162
  0.11171123  2.4068322   2.547326    0.54307026  0.52408147  1.475922
  4.7301936  -1.3680172  -0.79878247  0.68384856 -0.45468882 -2.9977262
 -1.0484779  -6.777092   -1.8689839   5.84184     1.0487905   0.6039827
  4.4149184  -1.0151837  -0.8528458   0.64521587 -0.95162886 -5.5133266
 -4.017722    3.0252793  -2.6342475   1.7614269  -1.0418826   6.010404
 -2.6413758  -0.7394321   2.9357283   0.6791053  -0.47903788 -1.0176836
 -1.8884434   0.31553185 -0.12634242 -1.6700801   0.7488997   0.2549472
  3.9399955  -2.284031   -0.58823395  1.6505746   4.1267457  -0.07051594
  0.69097793 -1.5796682  -0.07832453  1.4800379  -2.7079632   2.6589293
  1.2404573   0.5258231  -1.5900434   0.8219526  -3.2338989   0.78144336
 -1.8600136   1.1913533  -5.002359   -2.7743964  -1.0482603   1.4351773
 -8.405889   -0.5845948   0.8767069   5.4060054  -3.37992    -1.4548061
 -0.39967334 -2.194629    2.9278202  -1.232701   -1.9361637  -0.3215305
 -0.55910903  0.65525836  4.3066626   2.8663712   1.2279209   0.66918325
  5.1860857   3.1276703   2.5647457  -4.2411647  -0.24177688 -0.01388062
 -0.19147503 -0.3937213   2.3773794   0.84298253 -0.9582168  -0.45258188
 -2.030219    1.1197568   0.45282745  1.5096545  -0.60487574  1.2445999
  1.4241066  -4.355997    3.0253282  -1.3335758   0.21733128 -0.15459797
  0.7689961   3.1986277  -1.2483991  -0.89291066 -3.7185135   2.715988
  6.019404   -0.49609312  1.6292974   2.6679027  -2.269636   -0.32892072
  3.5133297  -0.4072746 ]",0
90,74.74117647058823,33.15294117647059,70,28,10,11,85,0.9090909090909091,0.7727272727272727,0.500607965700823,2069.783203125,5672.42370737143,1.14152468520206,236.77217658993004,1.8976698127163705,2.1662369355785067,4.469012408947052,5.101487983287384,4.785250196117218,17.881140064038043,0.9823635982212395,8.16911234818759,719648.0,4797653.333333334,71964.8,51095.007999999994,"[ 2.0179255  -4.383174    1.5143815  -4.0977354  -0.509643    0.11149773
  0.11028507  2.410765    2.544689    0.53859717  0.5151458   1.4808339
  4.724486   -1.36858    -0.8011235   0.68397695 -0.45074773 -2.9967964
 -1.0464971  -6.7844853  -1.8671525   5.842396    1.0490395   0.60771
  4.419098   -1.0166541  -0.8536148   0.64125884 -0.9472484  -5.524725
 -4.0169973   3.031729   -2.6301734   1.760572   -1.0336081   6.0081916
 -2.6416867  -0.7345705   2.9449944   0.6808262  -0.4791785  -1.0154855
 -1.890183    0.31648767 -0.12534595 -1.67413     0.7519094   0.2630124
  3.9452834  -2.2887673  -0.5917975   1.6498945   4.1461973  -0.07097699
  0.6854733  -1.5780357  -0.07416174  1.5041156  -2.7091148   2.6564152
  1.2376403   0.5135468  -1.5850352   0.82640386 -3.2332776   0.77988684
 -1.8629223   1.1886735  -4.9993186  -2.7830071  -1.0469204   1.4262162
 -8.394285   -0.58445567  0.88216585  5.411342   -3.38566    -1.4519979
 -0.4003278  -2.1971297   2.921412   -1.2341253  -1.9412555  -0.3184786
 -0.55701464  0.6573462   4.3037353   2.8648849   1.2280176   0.6739557
  5.1923165   3.1254385   2.5625677  -4.2374434  -0.24264896 -0.02174485
 -0.19183397 -0.4018602   2.3762288   0.8394731  -0.962201   -0.45124078
 -2.0295167   1.121653    0.4513011   1.5080112  -0.60667884  1.2440912
  1.4195291  -4.363385    3.0240276  -1.3278707   0.20747857 -0.15385655
  0.7674478   3.198448   -1.2499379  -0.88839024 -3.7234097   2.7015972
  6.0292463  -0.49413064  1.6271302   2.6666522  -2.2732224  -0.32925552
  3.514447   -0.40646166]",0
91,76.6086956521739,34.59782608695652,72,29,10,12,92,0.8333333333333334,0.7666666666666667,0.4737143787611848,1557.7061767578125,7153.204759690844,1.2292583733094098,231.1530922560846,1.8689978555534814,2.2974812636364477,4.4014899498284485,5.410568375863834,4.906029162846141,20.134706624516195,0.9785545154979772,8.817722248336784,932592.0,6217280.0,93259.2,66214.03199999999,"[ 2.011529   -4.3820076   1.5117532  -4.094739   -0.50584716  0.11385655
  0.11068979  2.408187    2.546878    0.53995484  0.52279973  1.4769895
  4.725795   -1.3676238  -0.80086243  0.6817367  -0.45454866 -2.9987192
 -1.0485064  -6.7784553  -1.8693982   5.841678    1.0513805   0.60683596
  4.4172344  -1.0172149  -0.85330975  0.649521   -0.95787185 -5.51336
 -4.019616    3.0272648  -2.6280081   1.7636907  -1.0398268   6.009777
 -2.6412268  -0.74002147  2.9371176   0.67932224 -0.47873506 -1.0187483
 -1.8898008   0.31572312 -0.1275171  -1.6698382   0.75189614  0.25440264
  3.9404995  -2.2850015  -0.5885495   1.6505167   4.1267033  -0.07025354
  0.6916599  -1.5797064  -0.07586572  1.4796293  -2.7070997   2.6594737
  1.2417303   0.52538466 -1.5871423   0.81923497 -3.2336428   0.7827321
 -1.8620857   1.1901172  -5.0042205  -2.7738414  -1.0473931   1.4336743
 -8.4080925  -0.584226    0.8778568   5.407755   -3.3811896  -1.4534926
 -0.39974543 -2.195449    2.9306474  -1.2331866  -1.9390974  -0.32126394
 -0.55890185  0.6555612   4.306099    2.8655283   1.2277976   0.67218065
  5.1864696   3.1264675   2.5654545  -4.2427893  -0.24243426 -0.01501597
 -0.19306862 -0.39025548  2.3757398   0.84241796 -0.95754755 -0.4539746
 -2.0315976   1.1194879   0.45290852  1.5088279  -0.60523397  1.2445424
  1.4215779  -4.360195    3.0243397  -1.332235    0.21342449 -0.15564147
  0.7686051   3.197872   -1.2482331  -0.8932387  -3.720424    2.7146657
  6.021063   -0.49225354  1.6286317   2.668216   -2.2710736  -0.32960606
  3.5135298  -0.40651107]",0
92,76.36781609195403,35.32183908045977,72,30,10,11,87,0.9090909090909091,0.7909090909090909,0.33964091042048733,2538.892578125,6851.644715510908,1.1081894531298027,255.99999999999997,2.130990075024217,2.361540725866124,5.01848162668203,5.561428409414722,5.289955018048376,4.186777657726537,0.9819779843380052,8.874375299698311,814496.0,5429973.333333333,81449.59999999999,57829.21599999999,"[ 2.014556   -4.3822765   1.5096947  -4.095864   -0.5063588   0.10585716
  0.11098835  2.407905    2.5466814   0.5436191   0.5178788   1.4777772
  4.723273   -1.3678877  -0.8000622   0.6881655  -0.4505866  -2.9984345
 -1.0467467  -6.779188   -1.8680401   5.842188    1.0413917   0.60858977
  4.41596    -1.0164518  -0.8518717   0.64501035 -0.94540256 -5.5183716
 -4.0197997   3.0276413  -2.6191213   1.7635801  -1.0454787   6.009401
 -2.6418734  -0.7351997   2.9393206   0.6806046  -0.47943804 -1.0161346
 -1.890323    0.31623107 -0.12815022 -1.6634258   0.75205934  0.2546711
  3.9406888  -2.2861993  -0.5875473   1.6503804   4.1313686  -0.07012715
  0.68893194 -1.5795149  -0.07538697  1.4915619  -2.7056782   2.6593165
  1.2399462   0.5300038  -1.5850933   0.82111037 -3.2337694   0.7875117
 -1.8624774   1.1934825  -4.9986467  -2.7835793  -1.0474689   1.426053
 -8.400945   -0.5837748   0.8774739   5.4070306  -3.380173   -1.4536805
 -0.40034938 -2.1935894   2.923736   -1.2277778  -1.9389094  -0.32113162
 -0.55869937  0.6556139   4.317758    2.866072    1.2268968   0.673828
  5.1878      3.126238    2.564734   -4.240692   -0.24225917 -0.01578034
 -0.18905878 -0.3907108   2.3737135   0.8419229  -0.95781267 -0.44829297
 -2.0301244   1.1164917   0.45235682  1.5097814  -0.60486776  1.2435808
  1.4131249  -4.359438    3.0228286  -1.3332678   0.21099566 -0.15517929
  0.7692199   3.199158   -1.2489237  -0.8913874  -3.7176156   2.7147963
  6.025666   -0.49208313  1.6286465   2.6680143  -2.2691028  -0.32894105
  3.512237   -0.40663648]",0
93,75.81481481481481,33.65432098765432,71,29,10,10,81,1.0,0.81,0.4085587036294955,3113.837890625,6866.615992553405,1.19829561758277,255.99999999999991,1.9486631716833491,2.3350745387730982,4.589101769314287,5.499100538810646,5.044101154062467,4.314949000706837,0.9810765831298085,9.2072274298566,670864.0,4472426.666666666,67086.4,47631.344,"[ 2.0202496  -4.382768    1.514567   -4.091431   -0.50946134  0.11454752
  0.10978267  2.4095316   2.543479    0.54381365  0.5190592   1.4797044
  4.7250533  -1.3686193  -0.796546    0.68526816 -0.45287418 -2.995336
 -1.0491802  -6.780146   -1.865941    5.841692    1.0493431   0.60568774
  4.4170785  -1.0164887  -0.85366285  0.6395153  -0.9492926  -5.5228543
 -4.0159745   3.0306926  -2.6413305   1.760067   -1.0316355   6.0070276
 -2.640443   -0.73654675  2.9414182   0.6790352  -0.47826123 -1.0158854
 -1.8886256   0.31737715 -0.12536275 -1.6767644   0.7520807   0.25702858
  3.9435732  -2.2882097  -0.59374     1.6497898   4.1442494  -0.07111073
  0.6821153  -1.5771146  -0.07471761  1.4964161  -2.712168    2.6552556
  1.2378218   0.5052606  -1.5845191   0.8302996  -3.2330868   0.7756182
 -1.8601788   1.1861665  -4.9968977  -2.7801337  -1.0467739   1.430049
 -8.387471   -0.585597    0.8816672   5.4087067  -3.3842502  -1.4512798
 -0.4001305  -2.1986454   2.920237   -1.2334813  -1.9383718  -0.31747487
 -0.55625623  0.6575659   4.298267    2.863687    1.2283679   0.6731672
  5.1883683   3.1242266   2.5615554  -4.2351475  -0.24284121 -0.02344669
 -0.1959182  -0.4080988   2.378394    0.8396356  -0.9624888  -0.45500815
 -2.030044    1.1229459   0.45089662  1.5071977  -0.6071228   1.2444601
  1.4222602  -4.3602757   3.0253003  -1.3266195   0.21458165 -0.15290788
  0.7673124   3.196387   -1.2496133  -0.8874602  -3.7210536   2.7010512
  6.015047   -0.49878165  1.6251975   2.6658096  -2.273534   -0.3293178
  3.5151775  -0.40673268]",0
94,78.65217391304348,36.09782608695652,74,31,10,11,92,0.9090909090909091,0.8363636363636363,0.40311698493147413,2160.20458984375,6647.067999640848,1.133616032797725,246.20524466626605,2.0358263641623875,2.3078454064067824,4.794371087602422,5.434975932087973,5.114673509845197,11.002343545848634,0.9822849254182446,8.500043477920038,918656.0,6124373.333333333,91865.59999999999,65224.575999999994,"[ 2.013434   -4.384508    1.5127438  -4.097532   -0.50682753  0.11093542
  0.11033711  2.4103677   2.5470943   0.53956574  0.51481295  1.479592
  4.721411   -1.3682668  -0.7997254   0.6851338  -0.45122677 -2.9982364
 -1.045418   -6.7854123  -1.8682232   5.842628    1.0526624   0.60725296
  4.4189596  -1.016193   -0.8525109   0.6470369  -0.9505901  -5.5211
 -4.0186315   3.0301332  -2.6219473   1.7614923  -1.0369438   6.0091105
 -2.6414502  -0.73959494  2.943985    0.6801669  -0.47896942 -1.0177306
 -1.890833    0.315571   -0.12571847 -1.6686195   0.75206745  0.25716162
  3.9437745  -2.2885623  -0.58835936  1.6505731   4.140899   -0.07042613
  0.6935842  -1.5801073  -0.0728583   1.4959373  -2.7081068   2.6585898
  1.2385966   0.51703036 -1.5853783   0.8272816  -3.2334712   0.78405726
 -1.8649131   1.1893044  -5.0011415  -2.7834506  -1.0474584   1.4222523
 -8.401031   -0.58423847  0.8806167   5.411471   -3.3849208  -1.4530604
 -0.3999704  -2.1945426   2.9232335  -1.2307565  -1.9421413  -0.32058015
 -0.5588595   0.6563178   4.3107166   2.865335    1.2269528   0.6732513
  5.1928086   3.126818    2.5643494  -4.2423086  -0.24206102 -0.02124799
 -0.19036841 -0.39550337  2.3758373   0.8404062  -0.9601878  -0.45035648
 -2.0295513   1.1197976   0.45098162  1.509049   -0.60639733  1.2443355
  1.4184551  -4.3640356   3.0235877  -1.3304353   0.20996235 -0.15556702
  0.7688369   3.1997516  -1.248897   -0.8900847  -3.722575    2.705857
  6.0304775  -0.49218985  1.6281394   2.6683848  -2.2716162  -0.32938886
  3.5135279  -0.40664983]",0
95,77.96511627906976,36.093023255813954,73,31,10,11,86,0.9090909090909091,0.7818181818181819,0.4767136891358356,2297.423583984375,9339.933360585559,1.1662959857865465,250.13305456431382,1.933492046201668,2.2550240120352214,4.553373768804928,5.310581548342946,4.9319776585739366,15.343332526649943,0.9745680595481477,10.421318356421063,875056.0,5833706.666666666,87505.59999999999,62128.975999999995,"[ 2.015342   -4.383868    1.5175054  -4.094773   -0.50837773  0.11146683
  0.10984233  2.4110482   2.5455828   0.5408823   0.514961    1.4798661
  4.7217946  -1.3687356  -0.79770267  0.68125886 -0.45147026 -2.9966934
 -1.046475   -6.7850485  -1.8667717   5.8417416   1.0561259   0.6053225
  4.4189835  -1.016135   -0.85343194  0.64392745 -0.95120853 -5.521654
 -4.0173936   3.031523   -2.6319344   1.7601612  -1.0344348   6.007697
 -2.6398842  -0.7383611   2.943673    0.67968804 -0.4785001  -1.0188842
 -1.8900092   0.31585175 -0.12494112 -1.6750053   0.7510716   0.26148367
  3.9450881  -2.289179   -0.5907819   1.6503255   4.144424   -0.07112841
  0.68493783 -1.5794339  -0.07338437  1.4970078  -2.7117407   2.6565027
  1.2388935   0.5119883  -1.5837582   0.83107543 -3.2330008   0.7747066
 -1.8662771   1.1858342  -4.997333   -2.7812276  -1.0471766   1.423313
 -8.39304    -0.5853892   0.88268226  5.411705   -3.3861842  -1.4520559
 -0.39960283 -2.1955745   2.9229815  -1.238645   -1.9423865  -0.31921127
 -0.55779797  0.65721756  4.3030753   2.8639765   1.227461    0.67203546
  5.192552    3.125692    2.5629845  -4.2426243  -0.24207324 -0.02499235
 -0.19333816 -0.40234312  2.379827    0.83966184 -0.9616915  -0.45362437
 -2.0294662   1.1219045   0.4497801   1.5076582  -0.60726744  1.2447896
  1.4231597  -4.365144    3.02458    -1.3276654   0.21120058 -0.15430906
  0.7678233   3.1979496  -1.248728   -0.88922805 -3.723805    2.702216
  6.0314646  -0.49413466  1.6263059   2.6675377  -2.27315    -0.32948148
  3.5140154  -0.40686387]",0
96,77.70786516853933,34.73033707865169,73,30,10,11,89,0.9090909090909091,0.8090909090909091,0.2908664103379664,1988.12939453125,4924.833060932611,1.1374497177404772,249.39186688983494,1.983264189013363,2.2558632919980464,4.67058716512647,5.312558052655399,4.991572608890935,11.403125255037004,0.9867559146957116,7.438763535146624,974864.0,6499093.333333333,97486.4,69215.344,"[ 2.015534   -4.3816314   1.5118216  -4.0946774  -0.5049626   0.11066878
  0.11065885  2.4098113   2.5471768   0.5370621   0.5198715   1.4782408
  4.7237487  -1.3677835  -0.79939926  0.6827727  -0.4534952  -2.999013
 -1.047358   -6.7826805  -1.8687351   5.842368    1.055649    0.6075667
  4.418157   -1.0176995  -0.85323596  0.6460308  -0.9527039  -5.5194488
 -4.0196457   3.029492   -2.629372    1.7623731  -1.0444121   6.010324
 -2.6416316  -0.7412493   2.9406319   0.6806539  -0.47905383 -1.0210212
 -1.8907778   0.31513256 -0.1262269  -1.6733462   0.7516608   0.2574067
  3.9432552  -2.2871182  -0.59034157  1.6504166   4.1363173  -0.07024448
  0.6954645  -1.5798434  -0.07639667  1.486317   -2.7089763   2.6589675
  1.2413676   0.52335536 -1.5864547   0.8199358  -3.234092    0.77801347
 -1.8660797   1.1894957  -4.999209   -2.7741263  -1.0476177   1.4305056
 -8.402721   -0.5840997   0.8797633   5.409901   -3.3829577  -1.4541426
 -0.39976433 -2.195507    2.9289632  -1.2342428  -1.9415745  -0.32129112
 -0.55912685  0.65598875  4.3099046   2.8660588   1.2273824   0.67148006
  5.189671    3.127       2.5647647  -4.2402697  -0.2418218  -0.0175072
 -0.1900934  -0.3976598   2.3834028   0.84170806 -0.9593111  -0.454906
 -2.0300155   1.120936    0.4543748   1.5092449  -0.6056823   1.2444036
  1.4247392  -4.3630958   3.024091   -1.3313553   0.21371393 -0.15560374
  0.7686263   3.1989906  -1.2489403  -0.88970894 -3.7222433   2.7122676
  6.0270934  -0.49276608  1.6304554   2.6681876  -2.2710855  -0.32942182
  3.5133698  -0.40666956]",0
97,78.82558139534883,36.0,74,31,10,11,86,0.9090909090909091,0.7818181818181819,0.3286431011933387,2261.09765625,8123.2900896626315,1.146123793424749,254.8328975834109,1.9478093061258903,2.2324305908050337,4.5870909159264714,5.257374041345854,4.922232478636163,11.513816892564646,0.9785505341201199,9.718891989712871,829520.0,5530133.333333334,82952.0,58895.92,"[ 2.014832   -4.3850737   1.51597    -4.0919843  -0.5083105   0.11204183
  0.10924199  2.411399    2.5450845   0.5466477   0.51447797  1.4804797
  4.7222     -1.3684473  -0.7980627   0.6863008  -0.45057106 -2.9966073
 -1.047499   -6.785853   -1.8659372   5.8428183   1.0572157   0.60551584
  4.4196434  -1.0163985  -0.85301006  0.64343345 -0.95177525 -5.522665
 -4.0175056   3.032283   -2.6259296   1.7616384  -1.0334562   6.0072618
 -2.6399138  -0.7397511   2.9436545   0.6789941  -0.47818086 -1.0213333
 -1.890409    0.3162024  -0.12533975 -1.6727192   0.75207853  0.25956774
  3.945208   -2.2908442  -0.5915266   1.6504881   4.1452475  -0.07056636
  0.6897396  -1.5790896  -0.07107541  1.4995065  -2.7128558   2.6568065
  1.2391378   0.50932705 -1.5846461   0.8375484  -3.2331765   0.77858686
 -1.8662664   1.1841748  -4.9949665  -2.7871332  -1.0471097   1.4202965
 -8.393495   -0.5853715   0.882798    5.4122567  -3.3861816  -1.4513096
 -0.39995104 -2.196107    2.9223454  -1.2338319  -1.9427884  -0.3190308
 -0.55804497  0.657415    4.306295    2.8638687   1.226948    0.67448175
  5.192824    3.125328    2.5629902  -4.2434464  -0.24252394 -0.02784622
 -0.19440722 -0.4026517   2.3795152   0.8392397  -0.9620477  -0.45328355
 -2.0293913   1.1203133   0.44878292  1.5077798  -0.6069455   1.2447343
  1.4199337  -4.366391    3.0245373  -1.3271123   0.21449141 -0.15458885
  0.7680712   3.1977637  -1.248954   -0.88787144 -3.7217875   2.7011387
  6.02926    -0.49564102  1.6247257   2.6675382  -2.2737787  -0.3295051
  3.5144246  -0.4067849 ]",0
98,78.16666666666667,34.71111111111111,73,30,11,11,90,1.0,0.743801652892562,0.43994467004960897,1757.744384765625,5727.162008747276,1.1650889944521856,248.01672671422682,1.9758475991765854,2.302038292515413,4.653121096060858,5.421300178873797,5.037210637467328,15.415405131056144,0.9846377252976078,7.977163244570421,753616.0,5024106.666666667,75361.6,53506.736,"[ 2.0073123  -4.388769    1.5122439  -4.095794   -0.505748    0.11003205
  0.11081263  2.406816    2.545505    0.5391812   0.52348924  1.476435
  4.7326455  -1.3673747  -0.8027092   0.68695194 -0.4528812  -2.9984462
 -1.0474038  -6.776466   -1.86951     5.840315    1.0474999   0.6058526
  4.416028   -1.0156338  -0.8528681   0.64337146 -0.9533188  -5.5104713
 -4.0173736   3.0257847  -2.6208491   1.7638772  -1.037828    6.0082593
 -2.6421273  -0.73121595  2.9374948   0.6794841  -0.47860777 -1.017546
 -1.889338    0.31598026 -0.12746191 -1.6671195   0.7488984   0.2557602
  3.93926    -2.283577   -0.58716154  1.6498917   4.1358204  -0.07025387
  0.6885967  -1.579418   -0.0755187   1.4909726  -2.7042146   2.6593232
  1.2420223   0.53366196 -1.5921875   0.8184674  -3.2330115   0.78582144
 -1.8602635   1.192386   -5.0032816  -2.780429   -1.0461757   1.4338117
 -8.404075   -0.5844196   0.87677616  5.4061294  -3.3789852  -1.452959
 -0.40041673 -2.1949034   2.9272013  -1.2321569  -1.9382364  -0.31989387
 -0.55811495  0.65501475  4.3045015   2.8648224   1.2277677   0.67196
  5.1854916   3.125688    2.564891   -4.24307    -0.24264109 -0.01254547
 -0.18690228 -0.38742808  2.3696146   0.8426573  -0.95669997 -0.44939125
 -2.0306005   1.1152943   0.45240104  1.5081571  -0.60513014  1.2445395
  1.4179718  -4.357565    3.0224638  -1.3323616   0.2093141  -0.1562917
  0.76801944  3.1969411  -1.2477852  -0.8947653  -3.7172792   2.7127268
  6.026808   -0.4908703   1.6287228   2.6679726  -2.2695343  -0.33004618
  3.512897   -0.40622777]",0
99,77.68131868131869,33.747252747252745,73,28,10,12,91,0.8333333333333334,0.7583333333333333,0.5506550108800491,1991.733642578125,7107.16229526512,1.2425462178454447,240.93481457268626,1.8579556293051769,2.3085957401178008,4.375485507013692,5.436742967977421,4.906114237495556,21.607625458972482,0.9800926809331305,8.83745916897798,862288.0,5748586.666666667,86228.8,61222.448,"[ 2.0148587  -4.3869085   1.5140425  -4.0974913  -0.506643    0.1090357
  0.11081734  2.4087672   2.5470915   0.54116386  0.5212686   1.4783043
  4.7270885  -1.3679835  -0.79805124  0.679264   -0.45333463 -2.9977384
 -1.0459251  -6.781046   -1.8693368   5.842356    1.0516131   0.6058653
  4.4165287  -1.0154392  -0.85330117  0.6512073  -0.9537732  -5.5132565
 -4.0184174   3.027454   -2.6273737   1.7614454  -1.0392286   6.0098877
 -2.6420867  -0.7364476   2.941421    0.6798822  -0.47894633 -1.0186002
 -1.889757    0.31539822 -0.12640715 -1.6723119   0.7508688   0.2601347
  3.9421055  -2.285813   -0.5874374   1.6507173   4.132165   -0.07040118
  0.6914158  -1.5798125  -0.07776055  1.4829261  -2.7077725   2.6585484
  1.2392123   0.5219555  -1.5873473   0.8228011  -3.2336438   0.78244436
 -1.863376    1.192621   -5.0032687  -2.7743013  -1.0481884   1.4291117
 -8.407266   -0.5842981   0.8790317   5.408643   -3.3829472  -1.4538656
 -0.39996952 -2.1949587   2.928842   -1.2344888  -1.9397722  -0.32144132
 -0.55927813  0.65600085  4.304243    2.8658338   1.2277215   0.670882
  5.1891103   3.1272116   2.5643923  -4.242892   -0.24210018 -0.01555026
 -0.19213235 -0.39426288  2.3780482   0.8415067  -0.9594413  -0.4520322
 -2.0306015   1.1201247   0.4521445   1.5093294  -0.605115    1.2447032
  1.422657   -4.359586    3.0237756  -1.3330663   0.20962559 -0.1552737
  0.76876295  3.1991127  -1.2492528  -0.89294213 -3.7223322   2.7107613
  6.028276   -0.4940005   1.6292955   2.667998   -2.2716146  -0.32941055
  3.513387   -0.40695232]",0
100,79.6,35.33684210526316,75,30,10,12,95,0.8333333333333334,0.7916666666666666,0.4697097687548044,1850.1036376953125,8707.659877889128,1.1825744376407021,237.67441373058293,1.9648126123813934,2.323537170156285,4.627133702158181,5.471930035718051,5.049531868938116,17.677201466626464,0.9761246167742659,9.573900859210461,824176.0,5494506.666666666,82417.59999999999,58516.49599999999,"[ 2.0141106  -4.387732    1.5128572  -4.095318   -0.50777835  0.10795778
  0.11098602  2.4078565   2.5466604   0.54328674  0.51980495  1.4782488
  4.7267795  -1.3682604  -0.7994822   0.68568903 -0.45100015 -2.9983726
 -1.0464652  -6.7795777  -1.8677077   5.8423753   1.0467815   0.60750055
  4.4167695  -1.0157754  -0.852018    0.64591706 -0.9485435  -5.5200415
 -4.019109    3.0275106  -2.6242166   1.7623194  -1.0404367   6.00942
 -2.642308   -0.73573637  2.9407973   0.6806503  -0.479591   -1.0150043
 -1.8903847   0.31587738 -0.12708974 -1.6686035   0.7510003   0.25806904
  3.9411128  -2.286068   -0.58845973  1.6506126   4.1357403  -0.07043084
  0.6915628  -1.5796651  -0.07613775  1.4917591  -2.7076662   2.6588533
  1.2396517   0.52241844 -1.586454    0.8247316  -3.23369     0.7843696
 -1.8613225   1.1941549  -5.000087   -2.7836182  -1.0474914   1.4267068
 -8.403707   -0.5838072   0.87810475  5.406956   -3.3811147  -1.4536283
 -0.4005049  -2.1945586   2.9221578  -1.2293638  -1.938819   -0.32064536
 -0.5587655   0.6554412   4.311586    2.8660476   1.2270579   0.67288387
  5.188421    3.126453    2.564185   -4.2428904  -0.24226171 -0.01603473
 -0.19042873 -0.39271703  2.3741992   0.8414413  -0.9590472  -0.44931424
 -2.0300736   1.1169208   0.45177042  1.5096271  -0.60498375  1.2439955
  1.419091   -4.358643    3.0228872  -1.3332402   0.2116776  -0.15514073
  0.76881504  3.199196   -1.2489977  -0.8914432  -3.7187686   2.7111824
  6.0257077  -0.49433884  1.6282679   2.66808    -2.26986    -0.32897377
  3.5128267  -0.4066568 ]",0
